User-ID,Book-Title,Book-Author,Year-Of-Publication,Publisher,Image-URL-M,num_rating
277427,Politically Correct Bedtime Stories: Modern Tales for Our Life and Times,James Finn Garner,1994,John Wiley &amp; Sons Inc,http://images.amazon.com/images/P/002542730X.01.MZZZZZZZ.jpg,82
277427,The Poisonwood Bible: A Novel,Barbara Kingsolver,1999,Perennial,http://images.amazon.com/images/P/0060930535.01.MZZZZZZZ.jpg,133
277427,Bel Canto: A Novel,Ann Patchett,2002,Perennial,http://images.amazon.com/images/P/0060934417.01.MZZZZZZZ.jpg,108
277427,One for the Money (Stephanie Plum Novels (Paperback)),Janet Evanovich,1995,HarperTorch,http://images.amazon.com/images/P/0061009059.01.MZZZZZZZ.jpg,108
277427,The Secret Garden,Frances Hodgson Burnett,1998,HarperTrophy,http://images.amazon.com/images/P/006440188X.01.MZZZZZZZ.jpg,79
277427,The Tao of Pooh,Benjamin Hoff,1983,Penguin Books,http://images.amazon.com/images/P/0140067477.01.MZZZZZZZ.jpg,77
277427,Girl in Hyacinth Blue,Susan Vreeland,2000,Penguin Books,http://images.amazon.com/images/P/014029628X.01.MZZZZZZZ.jpg,91
277427,Chocolat,Joanne Harris,2000,Penguin Books,http://images.amazon.com/images/P/014100018X.01.MZZZZZZZ.jpg,103
277427,The Secret Life of Bees,Sue Monk Kidd,2003,Penguin Books,http://images.amazon.com/images/P/0142001740.01.MZZZZZZZ.jpg,209
277427,Three To Get Deadly : A Stephanie Plum Novel (A Stephanie Plum Novel),Janet Evanovich,1998,St. Martin's Paperbacks,http://images.amazon.com/images/P/0312966091.01.MZZZZZZZ.jpg,105
277427,Full Tilt (Janet Evanovich's Full Series),Janet Evanovich,2003,St. Martin's Paperbacks,http://images.amazon.com/images/P/031298328X.01.MZZZZZZZ.jpg,79
277427,Lucky : A Memoir,Alice Sebold,2002,Back Bay Books,http://images.amazon.com/images/P/0316096199.01.MZZZZZZZ.jpg,115
277427,The Dogs of Babel (Today Show Book Club #12),Carolyn Parkhurst,2003,"Little, Brown",http://images.amazon.com/images/P/0316168688.01.MZZZZZZZ.jpg,55
277427,White Oleander : A Novel (Oprah's Book Club),Janet Fitch,2000,Back Bay Books,http://images.amazon.com/images/P/0316284955.01.MZZZZZZZ.jpg,114
277427,White Oleander : A Novel,Janet Fitch,1999,"Little, Brown",http://images.amazon.com/images/P/0316569321.01.MZZZZZZZ.jpg,116
277427,The Jester,James Patterson,2003,"Little, Brown",http://images.amazon.com/images/P/0316602051.01.MZZZZZZZ.jpg,68
277427,The Lovely Bones: A Novel,Alice Sebold,2002,"Little, Brown",http://images.amazon.com/images/P/0316666343.01.MZZZZZZZ.jpg,270
277427,Me Talk Pretty One Day,David Sedaris,2001,Back Bay Books,http://images.amazon.com/images/P/0316776963.01.MZZZZZZZ.jpg,146
277427,Naked,David Sedaris,1998,Back Bay Books,http://images.amazon.com/images/P/0316777730.01.MZZZZZZZ.jpg,53
277427,The Hobbit : The Enchanting Prelude to The Lord of the Rings,J.R.R. TOLKIEN,1986,Del Rey,http://images.amazon.com/images/P/0345339681.01.MZZZZZZZ.jpg,83
277427,A Prayer for Owen Meany,John Irving,1990,Ballantine Books,http://images.amazon.com/images/P/0345361792.01.MZZZZZZZ.jpg,137
277427,Silent Witness,RICHARD NORTH PATTERSON,1997,Ballantine Books,http://images.amazon.com/images/P/0345404769.01.MZZZZZZZ.jpg,66
277427,No Safe Place,RICHARD NORTH PATTERSON,1999,Ballantine Books,http://images.amazon.com/images/P/0345404777.01.MZZZZZZZ.jpg,53
277427,The Murder Book,Jonathan Kellerman,2003,Ballantine Books,http://images.amazon.com/images/P/0345413903.01.MZZZZZZZ.jpg,86
277427,Middlesex: A Novel,Jeffrey Eugenides,2002,"Farrar, Straus and Giroux",http://images.amazon.com/images/P/0374199698.01.MZZZZZZZ.jpg,94
277427,Postmortem,Patricia Daniels Cornwell,1993,Harper Mass Market Paperbacks (Mm),http://images.amazon.com/images/P/0380710218.01.MZZZZZZZ.jpg,78
277427,All That Remains (Kay Scarpetta Mysteries (Paperback)),Patricia D. Cornwell,1993,Avon,http://images.amazon.com/images/P/0380718332.01.MZZZZZZZ.jpg,84
277427,The Rainmaker,John Grisham,1995,Doubleday Books,http://images.amazon.com/images/P/0385424736.01.MZZZZZZZ.jpg,180
277427,"Tuesdays with Morrie: An Old Man, a Young Man, and Life's Greatest Lesson",MITCH ALBOM,1997,Doubleday,http://images.amazon.com/images/P/0385484518.01.MZZZZZZZ.jpg,142
277427,Into the Wild,Jon Krakauer,1997,Anchor,http://images.amazon.com/images/P/0385486804.01.MZZZZZZZ.jpg,71
277427,Oryx and Crake,Margaret Atwood,2003,Nan A. Talese,http://images.amazon.com/images/P/0385503857.01.MZZZZZZZ.jpg,58
277427,The Da Vinci Code,Dan Brown,2003,Doubleday,http://images.amazon.com/images/P/0385504209.01.MZZZZZZZ.jpg,224
277427,Lord of the Flies,William Gerald Golding,1959,Perigee Trade,http://images.amazon.com/images/P/0399501487.01.MZZZZZZZ.jpg,120
277427,Watchers,Dean R. Koontz,1996,Berkley Publishing Group,http://images.amazon.com/images/P/0425107469.01.MZZZZZZZ.jpg,71
277427,Mortal Fear,Robin Cook,1989,Berkley Publishing Group,http://images.amazon.com/images/P/0425113884.01.MZZZZZZZ.jpg,61
277427,Lightning,Dean R. Koontz,1996,Berkley Publishing Group,http://images.amazon.com/images/P/0425115801.01.MZZZZZZZ.jpg,136
277427,The Cardinal of the Kremlin (Jack Ryan Novels),Tom Clancy,1989,Berkley Publishing Group,http://images.amazon.com/images/P/0425116840.01.MZZZZZZZ.jpg,67
277427,Rules of Prey,John Sandford,1992,Berkley Publishing Group,http://images.amazon.com/images/P/0425121631.01.MZZZZZZZ.jpg,52
277427,Mind Prey,John Sandford,2004,Berkley Publishing Group,http://images.amazon.com/images/P/0425152898.01.MZZZZZZZ.jpg,53
277427,From Potter's Field,Patricia Daniels Cornwell,1996,Berkley Publishing Group,http://images.amazon.com/images/P/0425154092.01.MZZZZZZZ.jpg,94
277427,Contagion,Robin Cook,1998,Berkley Publishing Group,http://images.amazon.com/images/P/0425155943.01.MZZZZZZZ.jpg,56
277427,Cause of Death,Patricia Daniels Cornwell,1997,Berkley Publishing Group,http://images.amazon.com/images/P/0425158616.01.MZZZZZZZ.jpg,121
277427,Certain Prey,John Sandford,2000,Berkley Publishing Group,http://images.amazon.com/images/P/0425174271.01.MZZZZZZZ.jpg,64
277427,Black Notice,Patricia Daniels Cornwell,2000,Berkley Publishing Group,http://images.amazon.com/images/P/0425175405.01.MZZZZZZZ.jpg,123
277427,Harry Potter and the Chamber of Secrets (Book 2),J. K. Rowling,2000,Scholastic,http://images.amazon.com/images/P/0439064872.01.MZZZZZZZ.jpg,183
277427,Harry Potter and the Prisoner of Azkaban (Book 3),J. K. Rowling,2001,Scholastic,http://images.amazon.com/images/P/0439136369.01.MZZZZZZZ.jpg,138
277427,Harry Potter and the Sorcerer's Stone (Book 1),J. K. Rowling,2001,Scholastic,http://images.amazon.com/images/P/043936213X.01.MZZZZZZZ.jpg,78
277427,The Promise,Danielle Steel,1978,Dell,http://images.amazon.com/images/P/0440170796.01.MZZZZZZZ.jpg,62
277427,Secrets,DANIELLE STEEL,1986,Dell,http://images.amazon.com/images/P/0440176484.01.MZZZZZZZ.jpg,68
277427,Wanderlust,Danielle Steel,1987,Dell,http://images.amazon.com/images/P/0440193613.01.MZZZZZZZ.jpg,81
277427,Guardian Angel,Sara Paretsky,1996,Dell Publishing Company,http://images.amazon.com/images/P/0440213991.01.MZZZZZZZ.jpg,56
277427,Vanished,Danielle Steel,1994,Dell,http://images.amazon.com/images/P/0440217466.01.MZZZZZZZ.jpg,67
277427,The Partner,John Grisham,1998,Dell Publishing Company,http://images.amazon.com/images/P/0440224764.01.MZZZZZZZ.jpg,159
277427,The Street Lawyer,JOHN GRISHAM,1999,Dell,http://images.amazon.com/images/P/0440225701.01.MZZZZZZZ.jpg,186
277427,Tell No One,Harlan Coben,2002,Dell Publishing Company,http://images.amazon.com/images/P/0440236703.01.MZZZZZZZ.jpg,94
277427,The Summons,John Grisham,2002,Dell Publishing Company,http://images.amazon.com/images/P/0440241073.01.MZZZZZZZ.jpg,171
277427,Presumed Innocent,Scott Turow,1988,Warner Books,http://images.amazon.com/images/P/0446350982.01.MZZZZZZZ.jpg,149
277427,Blood Work,Michael Connelly,1998,Warner Books,http://images.amazon.com/images/P/0446602620.01.MZZZZZZZ.jpg,54
277427,Hide &amp; Seek,James Patterson,1996,Warner Books,http://images.amazon.com/images/P/0446603716.01.MZZZZZZZ.jpg,64
277427,Jack &amp; Jill (Alex Cross Novels),James Patterson,1997,Warner Books,http://images.amazon.com/images/P/0446604801.01.MZZZZZZZ.jpg,77
277427,Unspeakable,Sandra Brown,1999,Warner Books,http://images.amazon.com/images/P/0446607193.01.MZZZZZZZ.jpg,55
277427,Saving Faith,David Baldacci,2000,Warner Vision,http://images.amazon.com/images/P/0446608890.01.MZZZZZZZ.jpg,86
277427,Violets Are Blue,James Patterson,2002,Warner Vision,http://images.amazon.com/images/P/0446611212.01.MZZZZZZZ.jpg,150
277427,J Is for Judgment,Sue Grafton,1999,Fawcett Books,http://images.amazon.com/images/P/0449221482.01.MZZZZZZZ.jpg,81
277427,K Is for Killer (Kinsey Millhone Mysteries (Paperback)),Sue Grafton,1999,Fawcett Books,http://images.amazon.com/images/P/0449221504.01.MZZZZZZZ.jpg,79
277427,Misery,Stephen King,2004,Penguin USA (Paper),http://images.amazon.com/images/P/0451169522.01.MZZZZZZZ.jpg,121
277427,Dolores Claiborne,Stephen King,2004,Signet Book,http://images.amazon.com/images/P/0451177096.01.MZZZZZZZ.jpg,124
277427,The Edge,Catherine Coulter,2000,Jove Books,http://images.amazon.com/images/P/0515128600.01.MZZZZZZZ.jpg,64
277427,Heaven and Earth (Three Sisters Island Trilogy),Nora Roberts,2003,Jove Books,http://images.amazon.com/images/P/0515132020.01.MZZZZZZZ.jpg,95
277427,Hemlock Bay,Catherine Coulter,2002,Jove Books,http://images.amazon.com/images/P/0515133302.01.MZZZZZZZ.jpg,52
277427,The Prince of Tides,Pat Conroy,1987,Bantam Books,http://images.amazon.com/images/P/0553268880.01.MZZZZZZZ.jpg,148
277427,D Is for Deadbeat (Kinsey Millhone Mysteries (Paperback)),Sue Grafton,1988,Bantam,http://images.amazon.com/images/P/0553271636.01.MZZZZZZZ.jpg,84
277427,Where the Red Fern Grows,Wilson Rawls,1984,Random House Children's Books,http://images.amazon.com/images/P/0553274295.01.MZZZZZZZ.jpg,62
277427,E Is for Evidence: A Kinsey Millhone Mystery (Kinsey Millhone Mysteries (Paperback)),Sue Grafton,1989,Bantam,http://images.amazon.com/images/P/0553279556.01.MZZZZZZZ.jpg,80
277427,B Is for Burglar (Kinsey Millhone Mysteries (Paperback)),Sue Grafton,1986,Bantam,http://images.amazon.com/images/P/0553280341.01.MZZZZZZZ.jpg,132
277427,C Is for Corpse (Kinsey Millhone Mysteries (Paperback)),Sue Grafton,1987,Bantam,http://images.amazon.com/images/P/0553280368.01.MZZZZZZZ.jpg,93
277427,Long After Midnight,IRIS JOHANSEN,1997,Bantam,http://images.amazon.com/images/P/0553571818.01.MZZZZZZZ.jpg,55
277427,The Alienist,Caleb Carr,1995,Bantam Books,http://images.amazon.com/images/P/0553572997.01.MZZZZZZZ.jpg,136
277427,One Door Away from Heaven,Dean R. Koontz,2002,Bantam Books,http://images.amazon.com/images/P/0553582755.01.MZZZZZZZ.jpg,90
277427,Reap the Wind,Iris Johansen,2002,Bantam Books,http://images.amazon.com/images/P/0553586122.01.MZZZZZZZ.jpg,50
277427,By the Light of the Moon,DEAN KOONTZ,2002,Bantam,http://images.amazon.com/images/P/0553801430.01.MZZZZZZZ.jpg,56
277427,The Sweet Potato Queens' Book of Love,JILL CONNER BROWNE,1999,Three Rivers Press,http://images.amazon.com/images/P/0609804138.01.MZZZZZZZ.jpg,82
277427,Two for the Dough,Janet Evanovich,1996,Pocket,http://images.amazon.com/images/P/0671001795.01.MZZZZZZZ.jpg,126
277427,The God of Small Things,Arundhati Roy,1997,Random House Inc,http://images.amazon.com/images/P/0679457313.01.MZZZZZZZ.jpg,87
277427,Flesh and Blood,Jonathan Kellerman,2001,Random House,http://images.amazon.com/images/P/0679459626.01.MZZZZZZZ.jpg,103
277427,A Year in Provence,Peter Mayle,1991,Vintage Books USA,http://images.amazon.com/images/P/0679731148.01.MZZZZZZZ.jpg,51
277427,Midnight in the Garden of Good and Evil,John Berendt,1999,Vintage Books USA,http://images.amazon.com/images/P/0679751521.01.MZZZZZZZ.jpg,62
277427,Angela's Ashes (MMP) : A Memoir,Frank McCourt,1999,Scribner,http://images.amazon.com/images/P/0684872153.01.MZZZZZZZ.jpg,92
277427,The Sands of Time,Sidney Sheldon,1988,William Morrow &amp; Company,http://images.amazon.com/images/P/0688065716.01.MZZZZZZZ.jpg,61
277427,If Only It Were True,Marc Levy,2000,Atria,http://images.amazon.com/images/P/0743406176.01.MZZZZZZZ.jpg,53
277427,Pay It Forward,Catherine Ryan Hyde,2000,Pocket,http://images.amazon.com/images/P/0743412028.01.MZZZZZZZ.jpg,70
277427,The Kitchen God's Wife,Amy Tan,1992,Ivy Books,http://images.amazon.com/images/P/080410753X.01.MZZZZZZZ.jpg,111
277427,Saint Maybe,ANNE TYLER,1992,Ivy Books,http://images.amazon.com/images/P/0804108749.01.MZZZZZZZ.jpg,73
277427,A Patchwork Planet,ANNE TYLER,2001,Ballantine Books,http://images.amazon.com/images/P/080411918X.01.MZZZZZZZ.jpg,57
277427,Wild Animus,Rich Shapero,2004,Too Far,http://images.amazon.com/images/P/0971880107.01.MZZZZZZZ.jpg,363
277427,Tears of the Giraffe (No.1 Ladies Detective Agency),Alexander McCall Smith,2002,Anchor,http://images.amazon.com/images/P/1400031354.01.MZZZZZZZ.jpg,84
277427,The No. 1 Ladies' Detective Agency (Today Show Book Club #8),Alexander McCall Smith,2003,Anchor,http://images.amazon.com/images/P/1400034779.01.MZZZZZZZ.jpg,135
277478,The Queen of the Damned (Vampire Chronicles (Paperback)),Anne Rice,1993,Ballantine Books,http://images.amazon.com/images/P/0345351525.01.MZZZZZZZ.jpg,96
277478,While I Was Gone,Sue Miller,1999,Ballantine Books,http://images.amazon.com/images/P/0345443284.01.MZZZZZZZ.jpg,140
277478,Night Prey,John Sandford,2004,Berkley Publishing Group,http://images.amazon.com/images/P/0425146413.01.MZZZZZZZ.jpg,61
277478,Chromosome 6,Robin Cook,2000,Berkley Publishing Group,http://images.amazon.com/images/P/0425161242.01.MZZZZZZZ.jpg,56
277478,Point of Origin,Patricia Daniels Cornwell,1999,Berkley Publishing Group,http://images.amazon.com/images/P/0425169863.01.MZZZZZZZ.jpg,115
277478,The Testament,John Grisham,1999,Dell,http://images.amazon.com/images/P/0440234743.01.MZZZZZZZ.jpg,182
277478,When the Wind Blows,James Patterson,1999,Warner Vision,http://images.amazon.com/images/P/0446607657.01.MZZZZZZZ.jpg,175
277478,A Thousand Acres (Ballantine Reader's Circle),JANE SMILEY,1992,Ballantine Books,http://images.amazon.com/images/P/0449907481.01.MZZZZZZZ.jpg,78
277478,All Creatures Great and Small,James Herriot,1985,Bantam Books,http://images.amazon.com/images/P/0553268120.01.MZZZZZZZ.jpg,50
277478,Ashes to Ashes,TAMI HOAG,2000,Bantam,http://images.amazon.com/images/P/0553579606.01.MZZZZZZZ.jpg,95
277478,Fear Nothing,DEAN KOONTZ,1998,Bantam,http://images.amazon.com/images/P/0553579754.01.MZZZZZZZ.jpg,81
277478,Seize the Night,DEAN KOONTZ,1999,Bantam,http://images.amazon.com/images/P/0553580191.01.MZZZZZZZ.jpg,78
277478,She's Come Undone (Oprah's Book Club (Paperback)),Wally Lamb,1996,Washington Square Press,http://images.amazon.com/images/P/0671003755.01.MZZZZZZZ.jpg,130
277478,I'll Be Seeing You,Mary Higgins Clark,1994,Pocket,http://images.amazon.com/images/P/0671888587.01.MZZZZZZZ.jpg,77
277478,"Artemis Fowl (Artemis Fowl, Book 1)",Eoin Colfer,2003,Miramax Kids,http://images.amazon.com/images/P/0786817879.01.MZZZZZZZ.jpg,105
277478,The Five People You Meet in Heaven,Mitch Albom,2003,Hyperion,http://images.amazon.com/images/P/0786868716.01.MZZZZZZZ.jpg,118
277478,All I Really Need to Know,ROBERT FULGHUM,1989,Ivy Books,http://images.amazon.com/images/P/080410526X.01.MZZZZZZZ.jpg,127
277639,Disclosure,Michael Crichton,1994,Ballantine Books,http://images.amazon.com/images/P/0345391055.01.MZZZZZZZ.jpg,122
277639,Dark Rivers of the Heart,Dean R. Koontz,1995,Ballantine Books,http://images.amazon.com/images/P/034539657X.01.MZZZZZZZ.jpg,58
277639,"Whirlwind (Tyler, Book 1)",Nancy Martin,1992,Harlequin,http://images.amazon.com/images/P/0373825013.01.MZZZZZZZ.jpg,78
277639,Rainbow Six,Tom Clancy,1998,Random House Audio,http://images.amazon.com/images/P/0375402675.01.MZZZZZZZ.jpg,53
277639,Mystic River,Dennis Lehane,2002,HarperTorch,http://images.amazon.com/images/P/0380731851.01.MZZZZZZZ.jpg,130
277639,Shadow Prey,John Sandford,2004,Berkley Publishing Group,http://images.amazon.com/images/P/0425126064.01.MZZZZZZZ.jpg,50
277639,The Sum of All Fears (Jack Ryan Novels),Tom Clancy,1996,Berkley Publishing Group,http://images.amazon.com/images/P/0425133540.01.MZZZZZZZ.jpg,69
277639,Tom Clancy's Op-Center (Tom Clancy's Op Center (Paperback)),Tom Clancy,1995,Berkley Publishing Group,http://images.amazon.com/images/P/0425147363.01.MZZZZZZZ.jpg,63
277639,Hornet's Nest,Patricia Daniels Cornwell,1998,Berkley Publishing Group,http://images.amazon.com/images/P/042516098X.01.MZZZZZZZ.jpg,97
277639,A Time to Kill,JOHN GRISHAM,1992,Dell,http://images.amazon.com/images/P/0440211727.01.MZZZZZZZ.jpg,210
277639,Heartbeat,Danielle Steel,1992,Dell,http://images.amazon.com/images/P/0440211891.01.MZZZZZZZ.jpg,58
277639,The Client,John Grisham,1994,Dell Publishing Company,http://images.amazon.com/images/P/0440213525.01.MZZZZZZZ.jpg,183
277639,The Pelican Brief,John Grisham,1993,Dell,http://images.amazon.com/images/P/0440214041.01.MZZZZZZZ.jpg,236
277639,Smilla's Sense of Snow,Peter Hoeg,1997,Island,http://images.amazon.com/images/P/0440218535.01.MZZZZZZZ.jpg,82
277639,The Horse Whisperer,Nicholas Evans,1996,Dell,http://images.amazon.com/images/P/0440222656.01.MZZZZZZZ.jpg,213
277639,2nd Chance,James Patterson,2003,Warner Vision,http://images.amazon.com/images/P/0446612790.01.MZZZZZZZ.jpg,124
277639,Alaska,James A. Michener,1994,Fawcett Books,http://images.amazon.com/images/P/0449217264.01.MZZZZZZZ.jpg,50
277639,Pet Sematary,Stephen King,1984,Signet Book,http://images.amazon.com/images/P/0451132378.01.MZZZZZZZ.jpg,119
277639,Four Past Midnight,Stephen King,2001,Signet Book,http://images.amazon.com/images/P/0451170385.01.MZZZZZZZ.jpg,71
277639,Fat Tuesday,Sandra Brown,1997,Random House Audio,http://images.amazon.com/images/P/0553478257.01.MZZZZZZZ.jpg,70
277639,Hideaway,Beverly H. Renner,1980,Scholastic,http://images.amazon.com/images/P/0590313088.01.MZZZZZZZ.jpg,89
277639,We'll Meet Again,Mary Higgins Clark,2000,Pocket,http://images.amazon.com/images/P/0671004565.01.MZZZZZZZ.jpg,88
277639,Mercy,Julie Garwood,2002,Pocket,http://images.amazon.com/images/P/0671034022.01.MZZZZZZZ.jpg,83
278418,"Men Are from Mars, Women Are from Venus: A Practical Guide for Improving Communication and Getting What You Want in Your Relationships",John Gray,1992,HarperCollins Publishers,http://images.amazon.com/images/P/006016848X.01.MZZZZZZZ.jpg,54
278418,Charlotte's Web (Trophy Newbery),E. B. White,1974,HarperTrophy,http://images.amazon.com/images/P/0064400557.01.MZZZZZZZ.jpg,55
278418,Songs in Ordinary Time (Oprah's Book Club (Paperback)),Mary McGarry Morris,1996,Penguin Books,http://images.amazon.com/images/P/0140244824.01.MZZZZZZZ.jpg,95
278418,At Home in Mitford (The Mitford Years),Jan Karon,1996,Viking Books,http://images.amazon.com/images/P/014025448X.01.MZZZZZZZ.jpg,86
278418,Matilda,Roald Dahl,1990,Puffin Books,http://images.amazon.com/images/P/014034294X.01.MZZZZZZZ.jpg,64
278418,The Little Prince,Antoine de Saint-ExupÃ©ry,1968,Harcourt,http://images.amazon.com/images/P/0156528207.01.MZZZZZZZ.jpg,53
278418,Coming Home,Rosamunde Pilcher,1996,St. Martin's Press,http://images.amazon.com/images/P/0312958129.01.MZZZZZZZ.jpg,51
278418,Welcome to Temptation,Jennifer Crusie,2001,St. Martin's Paperbacks,http://images.amazon.com/images/P/0312974256.01.MZZZZZZZ.jpg,77
278418,"The Vampire Lestat (Vampire Chronicles, Book II)",ANNE RICE,1986,Ballantine Books,http://images.amazon.com/images/P/0345313860.01.MZZZZZZZ.jpg,123
278418,Beloved,BERTRICE SMALL,1985,Ballantine Books,http://images.amazon.com/images/P/0345327853.01.MZZZZZZZ.jpg,78
278418,The Princess Bride: S Morgenstern's Classic Tale of True Love and High Adventure,WILLIAM GOLDMAN,1987,Del Rey,http://images.amazon.com/images/P/0345348036.01.MZZZZZZZ.jpg,53
278418,Foucault's Pendulum,Umberto Eco,1990,Ballantine Books,http://images.amazon.com/images/P/0345368754.01.MZZZZZZZ.jpg,60
278418,Rising Sun,MICHAEL CRICHTON,1992,Ballantine Books,http://images.amazon.com/images/P/0345380371.01.MZZZZZZZ.jpg,112
278418,Degree of Guilt,Richard North Patterson,1995,Ballantine Books,http://images.amazon.com/images/P/034538184X.01.MZZZZZZZ.jpg,60
278418,Icebound,Dean R. Koontz,1995,Ballantine Books,http://images.amazon.com/images/P/0345384350.01.MZZZZZZZ.jpg,62
278418,The Witching Hour (Lives of the Mayfair Witches),ANNE RICE,1993,Ballantine Books,http://images.amazon.com/images/P/0345384466.01.MZZZZZZZ.jpg,101
278418,The Tale of the Body Thief (Vampire Chronicles (Paperback)),Anne Rice,1993,Ballantine Books,http://images.amazon.com/images/P/034538475X.01.MZZZZZZZ.jpg,81
278418,Sleepers,Lorenzo Carcaterra,1996,Ballantine Books,http://images.amazon.com/images/P/0345404114.01.MZZZZZZZ.jpg,58
278418,The Genesis Code,John Case,1998,Ballantine Books,http://images.amazon.com/images/P/0345422317.01.MZZZZZZZ.jpg,67
278418,Irish Hearts,Nora Roberts,2000,Silhouette,http://images.amazon.com/images/P/0373484003.01.MZZZZZZZ.jpg,52
278418,A Man in Full,Tom Wolfe,1998,Farrar Straus &amp; Giroux,http://images.amazon.com/images/P/0374270325.01.MZZZZZZZ.jpg,65
278418,A Lesson Before Dying (Vintage Contemporaries (Paperback)),Ernest J. Gaines,1997,Vintage Books USA,http://images.amazon.com/images/P/0375702709.01.MZZZZZZZ.jpg,61
278418,Ellen Foster,Kaye Gibbons,1997,Vintage Books,http://images.amazon.com/images/P/0375703055.01.MZZZZZZZ.jpg,87
278418,A Heartbreaking Work of Staggering Genius,Dave Eggers,2001,Vintage Books USA,http://images.amazon.com/images/P/0375725784.01.MZZZZZZZ.jpg,67
278418,Watership Down,Richard Adams,1976,Avon,http://images.amazon.com/images/P/0380002930.01.MZZZZZZZ.jpg,115
278418,The Thorn Birds,Colleen McCullough,1978,Avon,http://images.amazon.com/images/P/0380018179.01.MZZZZZZZ.jpg,110
278418,Dr. Atkins' New Diet Revolution,Robert C. Atkins,1997,Avon Books,http://images.amazon.com/images/P/0380727293.01.MZZZZZZZ.jpg,53
278418,American Gods,Neil Gaiman,2002,HarperTorch,http://images.amazon.com/images/P/0380789035.01.MZZZZZZZ.jpg,94
278418,The Book of Ruth (Oprah's Book Club (Paperback)),Jane Hamilton,1990,Anchor,http://images.amazon.com/images/P/0385265700.01.MZZZZZZZ.jpg,116
278418,No Greater Love,Danielle Steel,1991,Delacorte Press,http://images.amazon.com/images/P/0385299095.01.MZZZZZZZ.jpg,55
278418,"Like Water for Chocolate: A Novel in Monthly Installments, With Recipes, Romances, and Home Remedies",Laura Esquivel,1992,Doubleday Books,http://images.amazon.com/images/P/0385420161.01.MZZZZZZZ.jpg,51
278418,Into Thin Air : A Personal Account of the Mt. Everest Disaster,JON KRAKAUER,1998,Anchor,http://images.amazon.com/images/P/0385492081.01.MZZZZZZZ.jpg,127
278418,A Painted House,JOHN GRISHAM,2001,Doubleday,http://images.amazon.com/images/P/038550120X.01.MZZZZZZZ.jpg,228
278418,Balzac and the Little Chinese Seamstress : A Novel,DAI SIJIE,2002,Anchor,http://images.amazon.com/images/P/0385722206.01.MZZZZZZZ.jpg,111
278418,The Phantom Tollbooth,Norton Juster,1993,Yearling Books,http://images.amazon.com/images/P/0394820371.01.MZZZZZZZ.jpg,50
278418,Dragon Tears,Dean R. Koontz,1993,Putnam Pub Group,http://images.amazon.com/images/P/0399137734.01.MZZZZZZZ.jpg,54
278418,Midnight,Dean R. Koontz,1995,Berkley Publishing Group,http://images.amazon.com/images/P/0425118703.01.MZZZZZZZ.jpg,60
278418,The Hunt for Red October,Tom Clancy,1990,Berkley Publishing Group,http://images.amazon.com/images/P/0425120279.01.MZZZZZZZ.jpg,101
278418,Turtle Moon,Alice Hoffman,1993,Berkley Publishing Group,http://images.amazon.com/images/P/042513699X.01.MZZZZZZZ.jpg,85
278418,Fatal Cure,Robin Cook,1997,Berkley Publishing Group,http://images.amazon.com/images/P/0425145638.01.MZZZZZZZ.jpg,60
278418,The Body Farm,Patricia Daniels Cornwell,1995,Berkley Publishing Group,http://images.amazon.com/images/P/0425147622.01.MZZZZZZZ.jpg,95
278418,Acceptable Risk,Robin Cook,1996,Berkley Publishing Group,http://images.amazon.com/images/P/0425151867.01.MZZZZZZZ.jpg,56
278418,Invasion,Robin Cook,1997,Berkley Publishing Group,http://images.amazon.com/images/P/0425155404.01.MZZZZZZZ.jpg,66
278418,Sudden Prey,John Sandford,1997,Berkley Publishing Group,http://images.amazon.com/images/P/0425157539.01.MZZZZZZZ.jpg,54
278418,Executive Orders (Jack Ryan Novels),Tom Clancy,1997,Berkley Publishing Group,http://images.amazon.com/images/P/0425158632.01.MZZZZZZZ.jpg,52
278418,Breathing Lessons,Anne Tyler,1998,Berkley Publishing Group,http://images.amazon.com/images/P/042516313X.01.MZZZZZZZ.jpg,104
278418,Big Trouble,Dave Barry,2001,Berkley Publishing Group,http://images.amazon.com/images/P/0425178102.01.MZZZZZZZ.jpg,77
278418,Purity in Death,J.D. Robb,2002,Berkley Publishing Group,http://images.amazon.com/images/P/042518630X.01.MZZZZZZZ.jpg,62
278418,Family Album,Danielle Steel,1989,Dell,http://images.amazon.com/images/P/0440124344.01.MZZZZZZZ.jpg,53
278418,Red Dragon,Thomas Harris,2000,Dell Publishing Company,http://images.amazon.com/images/P/0440206154.01.MZZZZZZZ.jpg,151
278418,Daddy,DANIELLE STEEL,1990,Dell,http://images.amazon.com/images/P/0440207622.01.MZZZZZZZ.jpg,74
278418,The Firm,John Grisham,1992,Bantam Dell Publishing Group,http://images.amazon.com/images/P/044021145X.01.MZZZZZZZ.jpg,227
278418,A Wrinkle in Time,L'Engle Madelein,1996,Laurel-Leaf Books,http://images.amazon.com/images/P/0440220394.01.MZZZZZZZ.jpg,76
278418,The Chamber,John Grisham,1995,Dell Publishing Company,http://images.amazon.com/images/P/0440220602.01.MZZZZZZZ.jpg,179
278418,Five Days in Paris,DANIELLE STEEL,1997,Dell,http://images.amazon.com/images/P/0440222842.01.MZZZZZZZ.jpg,59
278418,The Return Journey,MAEVE BINCHY,1999,Dell,http://images.amazon.com/images/P/0440224594.01.MZZZZZZZ.jpg,71
278418,Mirror Image,Danielle Steel,1999,Dell Publishing Company,http://images.amazon.com/images/P/0440224772.01.MZZZZZZZ.jpg,72
278418,Summer Sisters,Judy Blume,1999,Dell Publishing Company,http://images.amazon.com/images/P/0440226430.01.MZZZZZZZ.jpg,188
278418,Tara Road,Maeve Binchy,2000,Dell Publishing Company,http://images.amazon.com/images/P/0440235596.01.MZZZZZZZ.jpg,112
278418,The Brethren,John Grisham,2000,Island,http://images.amazon.com/images/P/0440236673.01.MZZZZZZZ.jpg,169
278418,The Kiss,Danielle Steel,2002,Dell Publishing Company,http://images.amazon.com/images/P/044023669X.01.MZZZZZZZ.jpg,76
278418,To Kill a Mockingbird,Harper Lee,1988,Little Brown &amp; Company,http://images.amazon.com/images/P/0446310786.01.MZZZZZZZ.jpg,186
278418,"Scarlett : The Sequel to Margaret Mitchell's \Gone With the Wind\""""",Alexandra Ripley,1992,Warner Books,http://images.amazon.com/images/P/0446363251.01.MZZZZZZZ.jpg,59
278418,Along Came a Spider (Alex Cross Novels),James Patterson,1993,Warner Books,http://images.amazon.com/images/P/0446364193.01.MZZZZZZZ.jpg,134
278418,The General's Daughter,Nelson DeMille,1993,Warner Books,http://images.amazon.com/images/P/0446364800.01.MZZZZZZZ.jpg,70
278418,The Witness,Sandra Brown,1995,Replica Books,http://images.amazon.com/images/P/0446516317.01.MZZZZZZZ.jpg,55
278418,The Bridges of Madison County,Robert James Waller,1992,Warner Books,http://images.amazon.com/images/P/044651652X.01.MZZZZZZZ.jpg,161
278418,The Notebook,Nicholas Sparks,1996,Warner Books,http://images.amazon.com/images/P/0446520802.01.MZZZZZZZ.jpg,241
278418,Message in a Bottle,Nicholas Sparks,1998,Warner Books,http://images.amazon.com/images/P/0446523569.01.MZZZZZZZ.jpg,212
278418,Slow Waltz in Cedar Bend,Robert James Waller,1994,Warner Books,http://images.amazon.com/images/P/0446601640.01.MZZZZZZZ.jpg,112
278418,Primary Colors: A Novel of Politics,Anonymous,1996,Warner Books,http://images.amazon.com/images/P/0446604275.01.MZZZZZZZ.jpg,68
278418,A Walk to Remember,Nicholas Sparks,2000,Warner Books,http://images.amazon.com/images/P/0446608955.01.MZZZZZZZ.jpg,137
278418,Standoff,Sandra Brown,2001,Warner Vision,http://images.amazon.com/images/P/0446609617.01.MZZZZZZZ.jpg,67
278418,Where the Heart Is (Oprah's Book Club (Paperback)),Billie Letts,1998,Warner Books,http://images.amazon.com/images/P/0446672211.01.MZZZZZZZ.jpg,183
278418,Master of the Game,Sidney Sheldon,1983,Not Avail,http://images.amazon.com/images/P/0446802204.01.MZZZZZZZ.jpg,53
278418,Catering to Nobody,Diane Mott Davidson,1995,Fawcett Books,http://images.amazon.com/images/P/044922046X.01.MZZZZZZZ.jpg,58
278418,Christine,Stephen King,1983,Penguin Putnam~mass,http://images.amazon.com/images/P/0451128370.01.MZZZZZZZ.jpg,67
278418,Different Seasons,Stephen King,1983,Signet Book,http://images.amazon.com/images/P/0451139682.01.MZZZZZZZ.jpg,56
278418,Over the Edge,Jonathan Kellerman,1993,New American Library,http://images.amazon.com/images/P/0451152190.01.MZZZZZZZ.jpg,63
278418,The Dead Zone,Stephen King,2004,Signet Book,http://images.amazon.com/images/P/0451155750.01.MZZZZZZZ.jpg,53
278418,The Tommyknockers,Stephen King,1994,Signet Book,http://images.amazon.com/images/P/0451156609.01.MZZZZZZZ.jpg,98
278418,"The Gunslinger (The Dark Tower, Book 1)",Stephen King,1994,New American Library,http://images.amazon.com/images/P/0451160525.01.MZZZZZZZ.jpg,87
278418,Needful Things,Stephen King,2004,Signet Book,http://images.amazon.com/images/P/0451172817.01.MZZZZZZZ.jpg,80
278418,Gerald's Game,Stephen King,2001,Signet Book,http://images.amazon.com/images/P/0451176464.01.MZZZZZZZ.jpg,68
278418,The Door to December,Dean R. Koontz,1994,Signet Book,http://images.amazon.com/images/P/0451181379.01.MZZZZZZZ.jpg,93
278418,A Case of Need,Michael Crichton,1994,Signet Book,http://images.amazon.com/images/P/0451183665.01.MZZZZZZZ.jpg,77
278418,Insomnia,Stephen King,1995,Signet Book,http://images.amazon.com/images/P/0451184963.01.MZZZZZZZ.jpg,105
278418,The Deep End of the Ocean,Jacquelyn Mitchard,1997,New Amer Library,http://images.amazon.com/images/P/0451186923.01.MZZZZZZZ.jpg,104
278418,Beloved (Plume Contemporary Fiction),Toni Morrison,1994,Plume,http://images.amazon.com/images/P/0452264464.01.MZZZZZZZ.jpg,53
278418,The Reef,Nora Roberts,1999,Jove Books,http://images.amazon.com/images/P/051512608X.01.MZZZZZZZ.jpg,70
278418,Jewels of the Sun (Irish Trilogy),Nora Roberts,2004,Jove Books,http://images.amazon.com/images/P/0515126772.01.MZZZZZZZ.jpg,81
278418,River's End,Nora Roberts,2003,Jove Books,http://images.amazon.com/images/P/0515127833.01.MZZZZZZZ.jpg,77
278418,Tears of the Moon (Irish Trilogy),Nora Roberts,2000,Jove Books,http://images.amazon.com/images/P/0515128546.01.MZZZZZZZ.jpg,79
278418,Carolina Moon,Nora Roberts,2001,Jove Books,http://images.amazon.com/images/P/0515130389.01.MZZZZZZZ.jpg,88
278418,Dance upon the Air (Three Sisters Island Trilogy),Nora Roberts,2003,Jove Books,http://images.amazon.com/images/P/0515131229.01.MZZZZZZZ.jpg,100
278418,The Regulators,Richard Bachman,1996,Dutton Books,http://images.amazon.com/images/P/0525941908.01.MZZZZZZZ.jpg,60
278418,Couplehood,Paul Reiser,1994,Bantam Dell Pub Group,http://images.amazon.com/images/P/0553096834.01.MZZZZZZZ.jpg,91
278418,I Know Why the Caged Bird Sings,Maya Angelou,1971,Bantam Books,http://images.amazon.com/images/P/0553256157.01.MZZZZZZZ.jpg,82
278418,Night,Elie Wiesel,1982,Bantam Books,http://images.amazon.com/images/P/0553272535.01.MZZZZZZZ.jpg,76
278418,F Is for Fugitive (Kinsey Millhone Mysteries (Paperback)),Sue Grafton,1990,Bantam,http://images.amazon.com/images/P/0553284789.01.MZZZZZZZ.jpg,89
278418,Night Sins,TAMI HOAG,1995,Bantam,http://images.amazon.com/images/P/055356451X.01.MZZZZZZZ.jpg,78
278418,The Clinic (Alex Delaware Novels (Paperback)),Jonathan Kellerman,1999,Bantam Books,http://images.amazon.com/images/P/055357230X.01.MZZZZZZZ.jpg,52
278418,False Memory,Dean R. Koontz,2000,Bantam Books,http://images.amazon.com/images/P/0553580221.01.MZZZZZZZ.jpg,86
278418,Lake Wobegon Days,Garrison Keillor,1985,Penguin USA,http://images.amazon.com/images/P/0670805149.01.MZZZZZZZ.jpg,53
278418,The First Wives Club Movie Tie In,Olivia Goldsmith,1996,Pocket,http://images.amazon.com/images/P/0671002481.01.MZZZZZZZ.jpg,50
278418,My Gal Sunday,Mary Higgins Clark,2003,Pocket,http://images.amazon.com/images/P/0671014919.01.MZZZZZZZ.jpg,70
278418,Hearts In Atlantis,Stephen King,2000,Pocket,http://images.amazon.com/images/P/0671024248.01.MZZZZZZZ.jpg,65
278418,Night Whispers,Judith McNaught,1999,Pocket,http://images.amazon.com/images/P/0671525743.01.MZZZZZZZ.jpg,68
278418,Waiting to Exhale,Terry McMillan,1995,Pocket,http://images.amazon.com/images/P/0671537458.01.MZZZZZZZ.jpg,68
278418,The Color Purple,Alice Walker,1985,Pocket Books,http://images.amazon.com/images/P/0671617028.01.MZZZZZZZ.jpg,118
278418,GARDEN OF SHADOWS (Dollanger Saga (Paperback)),Ariel Jennifer Jones,1987,Pocket,http://images.amazon.com/images/P/067164257X.01.MZZZZZZZ.jpg,55
278418,Dawn (Cutler),V.C. Andrews,1990,Pocket,http://images.amazon.com/images/P/0671670689.01.MZZZZZZZ.jpg,56
278418,"Loves Music, Loves to Dance",Mary Higgins Clark,1992,Pocket,http://images.amazon.com/images/P/0671758896.01.MZZZZZZZ.jpg,72
278418,Moonlight Becomes You,Mary Higgins Clark,1997,Pocket,http://images.amazon.com/images/P/0671867113.01.MZZZZZZZ.jpg,60
278418,A Cry In The Night,Mary Higgins Clark,1993,Pocket,http://images.amazon.com/images/P/0671886665.01.MZZZZZZZ.jpg,50
278418,Sole Survivor,DEAN KOONTZ,1997,Knopf,http://images.amazon.com/images/P/0679425268.01.MZZZZZZZ.jpg,63
278418,If Tomorrow Comes,Sidney Sheldon,1985,William Morrow &amp; Company,http://images.amazon.com/images/P/0688042171.01.MZZZZZZZ.jpg,59
278418,Dreamcatcher,Stephen King,2001,Pocket,http://images.amazon.com/images/P/074343627X.01.MZZZZZZZ.jpg,161
278418,Daddy's Little Girl,Mary Higgins Clark,2003,Pocket,http://images.amazon.com/images/P/0743460529.01.MZZZZZZZ.jpg,94
278418,Don't Stand Too Close to a Naked Man,Tim Allen,1995,Hyperion,http://images.amazon.com/images/P/0786889020.01.MZZZZZZZ.jpg,73
278418,Dangerous,Becky Barker,1997,Kensington Publishing Corporation,http://images.amazon.com/images/P/0821759744.01.MZZZZZZZ.jpg,57
278418,Call of the Wild,Jack London,0,Selldowns/no More Orders,http://images.amazon.com/images/P/1559029838.01.MZZZZZZZ.jpg,88
254,The Alchemist: A Fable About Following Your Dream,Paulo Coelho,1993,HarperSanFrancisco,http://images.amazon.com/images/P/0062502174.01.MZZZZZZZ.jpg,58
254,Bridget Jones's Diary,Helen Fielding,1999,Penguin Books,http://images.amazon.com/images/P/014028009X.01.MZZZZZZZ.jpg,277
254,Bridget Jones: The Edge of Reason,Helen Fielding,2001,Penguin Books,http://images.amazon.com/images/P/0140298479.01.MZZZZZZZ.jpg,73
254,The Hours: A Novel,Michael Cunningham,2002,Picador,http://images.amazon.com/images/P/0312305060.01.MZZZZZZZ.jpg,88
254,The Catcher in the Rye,J.D. Salinger,1991,"Little, Brown",http://images.amazon.com/images/P/0316769487.01.MZZZZZZZ.jpg,100
254,The Mists of Avalon,MARION ZIMMER BRADLEY,1987,Del Rey,http://images.amazon.com/images/P/0345350499.01.MZZZZZZZ.jpg,67
254,The Cider House Rules,John Irving,1994,Ballantine Books,http://images.amazon.com/images/P/0345387651.01.MZZZZZZZ.jpg,149
254,Table For Two,Nora Roberts,2002,Silhouette,http://images.amazon.com/images/P/0373218400.01.MZZZZZZZ.jpg,50
254,House of Sand and Fog,Andre Dubus III,2000,Vintage Books,http://images.amazon.com/images/P/0375727345.01.MZZZZZZZ.jpg,174
254,"The Amber Spyglass (His Dark Materials, Book 3)",PHILIP PULLMAN,2002,Knopf Books for Young Readers,http://images.amazon.com/images/P/0375823352.01.MZZZZZZZ.jpg,51
254,"The Golden Compass (His Dark Materials, Book 1)",PHILIP PULLMAN,2002,Knopf Books for Young Readers,http://images.amazon.com/images/P/037582345X.01.MZZZZZZZ.jpg,131
254,"The Subtle Knife (His Dark Materials, Book 2)",PHILIP PULLMAN,2002,Knopf Books for Young Readers,http://images.amazon.com/images/P/0375823468.01.MZZZZZZZ.jpg,83
254,Neverwhere,Neil Gaiman,1998,Avon,http://images.amazon.com/images/P/0380789019.01.MZZZZZZZ.jpg,72
254,Coraline,Neil Gaiman,2002,HarperCollins,http://images.amazon.com/images/P/0380977788.01.MZZZZZZZ.jpg,59
254,"Like Water for Chocolate : A Novel in Monthly Installments with Recipes, Romances, and Home Remedies",LAURA ESQUIVEL,1995,Anchor,http://images.amazon.com/images/P/038542017X.01.MZZZZZZZ.jpg,55
254,The Bonesetter's Daughter,Amy Tan,2001,Putnam Publishing Group,http://images.amazon.com/images/P/0399146431.01.MZZZZZZZ.jpg,135
254,The Accidental Tourist,Anne Tyler,1994,Berkley Publishing Group,http://images.amazon.com/images/P/0425092917.01.MZZZZZZZ.jpg,66
254,Harry Potter and the Goblet of Fire (Book 4),J. K. Rowling,2000,Scholastic,http://images.amazon.com/images/P/0439139597.01.MZZZZZZZ.jpg,125
254,Harry Potter and the Order of the Phoenix (Book 5),J. K. Rowling,2003,Scholastic,http://images.amazon.com/images/P/043935806X.01.MZZZZZZZ.jpg,105
254,Circle of Friends,Maeve Binchy,1991,Dell,http://images.amazon.com/images/P/0440211263.01.MZZZZZZZ.jpg,110
254,Good Omens,Neil Gaiman,1996,Ace Books,http://images.amazon.com/images/P/0441003257.01.MZZZZZZZ.jpg,55
254,Neuromancer (Remembering Tomorrow),William Gibson,1995,Ace Books,http://images.amazon.com/images/P/0441569595.01.MZZZZZZZ.jpg,50
254,A Bend in the Road,Nicholas Sparks,2001,Warner Books,http://images.amazon.com/images/P/0446527785.01.MZZZZZZZ.jpg,115
254,Thinner,Stephen King,1985,New Amer Library,http://images.amazon.com/images/P/0451137965.01.MZZZZZZZ.jpg,81
254,The Dark Half,Stephen King,1994,Signet Book,http://images.amazon.com/images/P/0451167317.01.MZZZZZZZ.jpg,91
254,1984,George Orwell,1990,Signet Book,http://images.amazon.com/images/P/0451524934.01.MZZZZZZZ.jpg,76
254,Animal Farm,George Orwell,2004,Signet,http://images.amazon.com/images/P/0451526341.01.MZZZZZZZ.jpg,70
254,Girl with a Pearl Earring,Tracy Chevalier,2001,Plume Books,http://images.amazon.com/images/P/0452282152.01.MZZZZZZZ.jpg,135
254,Rising Tides,Nora Roberts,2001,Jove Books,http://images.amazon.com/images/P/051512317X.01.MZZZZZZZ.jpg,61
254,Face the Fire (Three Sisters Island Trilogy),Nora Roberts,2002,Jove Books,http://images.amazon.com/images/P/051513287X.01.MZZZZZZZ.jpg,99
254,The Clan of the Cave Bear (Earth's Children (Paperback)),Jean M. Auel,1984,Bantam Books,http://images.amazon.com/images/P/0553250426.01.MZZZZZZZ.jpg,81
254,The Valley of Horses,JEAN M. AUEL,1984,Bantam,http://images.amazon.com/images/P/0553250531.01.MZZZZZZZ.jpg,52
254,Sacred Sins,Nora Roberts,1990,Bantam Books,http://images.amazon.com/images/P/0553265741.01.MZZZZZZZ.jpg,53
254,"The Fellowship of the Ring (The Lord of the Rings, Part 1)",J. R. R. Tolkien,1999,Houghton Mifflin Company,http://images.amazon.com/images/P/0618002227.01.MZZZZZZZ.jpg,107
254,"The Two Towers (The Lord of the Rings, Part 2)",J. R. R. Tolkien,1999,Houghton Mifflin Company,http://images.amazon.com/images/P/0618002235.01.MZZZZZZZ.jpg,81
254,She's Come Undone (Oprah's Book Club),Wally Lamb,1998,Pocket,http://images.amazon.com/images/P/0671021001.01.MZZZZZZZ.jpg,128
254,Possession : A Romance,A.S. BYATT,1991,Vintage,http://images.amazon.com/images/P/0679735909.01.MZZZZZZZ.jpg,56
254,Snow Falling on Cedars,David Guterson,1995,Vintage Books USA,http://images.amazon.com/images/P/067976402X.01.MZZZZZZZ.jpg,206
254,ANGELA'S ASHES,Frank McCourt,1996,Scribner,http://images.amazon.com/images/P/0684874350.01.MZZZZZZZ.jpg,81
254,The Shipping News : A Novel,Annie Proulx,2001,Scribner,http://images.amazon.com/images/P/0743225406.01.MZZZZZZZ.jpg,71
254,The Joy Luck Club,Amy Tan,1994,Prentice Hall (K-12),http://images.amazon.com/images/P/0804106304.01.MZZZZZZZ.jpg,181
2276,The Eight,Katherine Neville,1995,Ballantine Books,http://images.amazon.com/images/P/0345366239.01.MZZZZZZZ.jpg,52
2276,The Apprentice,Tess Gerritsen,2003,Ballantine Books,http://images.amazon.com/images/P/0345447867.01.MZZZZZZZ.jpg,50
2276,Skipping Christmas,JOHN GRISHAM,2001,Doubleday,http://images.amazon.com/images/P/0385505833.01.MZZZZZZZ.jpg,103
2276,Southern Cross,Patricia Daniels Cornwell,1999,Berkley Publishing Group,http://images.amazon.com/images/P/0425172546.01.MZZZZZZZ.jpg,98
2276,Isle of Dogs,Patricia Cornwell,2002,Berkley Publishing Group,http://images.amazon.com/images/P/0425182908.01.MZZZZZZZ.jpg,99
2276,The Gift,Madeena S. Nolan,1981,Dell Publishing,http://images.amazon.com/images/P/0440128757.01.MZZZZZZZ.jpg,124
2276,The Runaway Jury,JOHN GRISHAM,1997,Dell,http://images.amazon.com/images/P/0440221471.01.MZZZZZZZ.jpg,168
2276,The King of Torts,JOHN GRISHAM,2003,Dell,http://images.amazon.com/images/P/0440241537.01.MZZZZZZZ.jpg,117
2276,Roses Are Red (Alex Cross Novels),James Patterson,2001,Warner Vision,http://images.amazon.com/images/P/0446605484.01.MZZZZZZZ.jpg,92
2276,Cradle and All,James Patterson,2001,Warner Vision,http://images.amazon.com/images/P/0446609404.01.MZZZZZZZ.jpg,109
2276,The Handmaid's Tale,Margaret Atwood,1989,Fawcett Books,http://images.amazon.com/images/P/0449212602.01.MZZZZZZZ.jpg,130
2276,The Bourne Supremacy,Robert Ludlum,1987,Bantam,http://images.amazon.com/images/P/0553263226.01.MZZZZZZZ.jpg,56
2276,The Bourne Ultimatum,Robert Ludlum,1991,Bantam Books,http://images.amazon.com/images/P/0553287737.01.MZZZZZZZ.jpg,53
2276,Dust to Dust,TAMI HOAG,2002,Bantam,http://images.amazon.com/images/P/0553582526.01.MZZZZZZZ.jpg,78
2276,Touching Evil,Kay Hooper,2001,Bantam Books,http://images.amazon.com/images/P/0553583441.01.MZZZZZZZ.jpg,58
2276,The Hitchhiker's Guide to the Galaxy,Douglas Adams,1982,Pocket,http://images.amazon.com/images/P/0671461494.01.MZZZZZZZ.jpg,84
2276,Midnight in the Garden of Good and Evil: A Savannah Story,John Berendt,1994,Random House,http://images.amazon.com/images/P/0679429220.01.MZZZZZZZ.jpg,89
2276,Nickel and Dimed: On (Not) Getting By in America,Barbara Ehrenreich,2002,Owl Books,http://images.amazon.com/images/P/0805063897.01.MZZZZZZZ.jpg,112
2766,Stupid White Men ...and Other Sorry Excuses for the State of the Nation!,Michael Moore,2002,Regan Books,http://images.amazon.com/images/P/0060392452.01.MZZZZZZZ.jpg,77
2766,Five Quarters of the Orange,Joanne Harris,2002,Perennial,http://images.amazon.com/images/P/0060958022.01.MZZZZZZZ.jpg,79
2766,Congo,Michael Crichton,1995,Ballantine Books,http://images.amazon.com/images/P/0345378490.01.MZZZZZZZ.jpg,122
2766,Intensity,DEAN KOONTZ,1996,Ballantine Books,http://images.amazon.com/images/P/0345384369.01.MZZZZZZZ.jpg,71
2766,It's Always Something,Gilda Radner,1990,Avon,http://images.amazon.com/images/P/0380710722.01.MZZZZZZZ.jpg,66
2766,Strangers,Dean R. Koontz,2002,Berkley Publishing Group,http://images.amazon.com/images/P/0425181111.01.MZZZZZZZ.jpg,57
2766,The Copper Beech,Maeve Binchy,1993,Dell,http://images.amazon.com/images/P/0440213290.01.MZZZZZZZ.jpg,68
2766,The Giver (21st Century Reference),LOIS LOWRY,1994,Laure Leaf,http://images.amazon.com/images/P/0440219078.01.MZZZZZZZ.jpg,55
2766,The Glass Lake,Maeve Binchy,1996,Dell,http://images.amazon.com/images/P/0440221595.01.MZZZZZZZ.jpg,67
2766,The Long Road Home,Danielle Steel,1999,Dell Publishing Company,http://images.amazon.com/images/P/0440224837.01.MZZZZZZZ.jpg,54
2766,Tales of a Fourth Grade Nothing,JUDY BLUME,1976,Yearling,http://images.amazon.com/images/P/044048474X.01.MZZZZZZZ.jpg,50
2766,A Wrinkle In Time,MADELEINE L'ENGLE,1998,Yearling,http://images.amazon.com/images/P/0440498058.01.MZZZZZZZ.jpg,60
2766,Seabiscuit: An American Legend,LAURA HILLENBRAND,2002,Ballantine Books,http://images.amazon.com/images/P/0449005615.01.MZZZZZZZ.jpg,69
2766,A Is for Alibi (Kinsey Millhone Mysteries (Paperback)),SUE GRAFTON,1987,Bantam,http://images.amazon.com/images/P/0553279912.01.MZZZZZZZ.jpg,140
2766,SHIPPING NEWS,Annie Proulx,1994,Scribner,http://images.amazon.com/images/P/0671510053.01.MZZZZZZZ.jpg,113
2766,Lucky Man: A Memoir,Michael J. Fox,2002,Hyperion,http://images.amazon.com/images/P/0786867647.01.MZZZZZZZ.jpg,51
2766,Angels,Billy Graham,1994,Thomas Nelson,http://images.amazon.com/images/P/0849911672.01.MZZZZZZZ.jpg,68
2766,The Color of Water: A Black Man's Tribute to His White Mother,James McBride,1997,Riverhead Books,http://images.amazon.com/images/P/1573225789.01.MZZZZZZZ.jpg,84
2977,Year of Wonders,Geraldine Brooks,2002,Penguin Books,http://images.amazon.com/images/P/0142001430.01.MZZZZZZZ.jpg,59
2977,Jurassic Park,Michael Crichton,1999,Ballantine Books,http://images.amazon.com/images/P/0345370775.01.MZZZZZZZ.jpg,175
2977,Drowning Ruth,CHRISTINA SCHWARZ,2003,Ballantine Books,http://images.amazon.com/images/P/0345460359.01.MZZZZZZZ.jpg,60
2977,"Breath, Eyes, Memory",Edwidge Danticat,1998,Vintage Books USA,http://images.amazon.com/images/P/037570504X.01.MZZZZZZZ.jpg,68
2977,Stillwatch,MARY HIGGINS CLARK,1986,Dell,http://images.amazon.com/images/P/0440183057.01.MZZZZZZZ.jpg,74
2977,A Man Named Dave: A Story of Triumph and Forgiveness,David J. Pelzer,1999,Dutton Books,http://images.amazon.com/images/P/0525945210.01.MZZZZZZZ.jpg,50
2977,The Robber Bride,Margaret Atwood,1995,Bantam,http://images.amazon.com/images/P/0553569058.01.MZZZZZZZ.jpg,79
3363,Watermelon,Marian Keyes,2002,Perennial,http://images.amazon.com/images/P/0060090367.01.MZZZZZZZ.jpg,50
3363,The Boy Next Door,Meggin Cabot,2002,Avon Trade,http://images.amazon.com/images/P/0060096195.01.MZZZZZZZ.jpg,55
3363,The Poisonwood Bible,Barbara Kingsolver,1999,HarperCollins,http://images.amazon.com/images/P/0060175400.01.MZZZZZZZ.jpg,68
3363,The Divine Secrets of the Ya-Ya Sisterhood: A Novel,Rebecca Wells,2002,HarperTorch,http://images.amazon.com/images/P/0060502258.01.MZZZZZZZ.jpg,119
3363,Divine Secrets of the Ya-Ya Sisterhood: A Novel,Rebecca Wells,1997,Perennial,http://images.amazon.com/images/P/0060928336.01.MZZZZZZZ.jpg,228
3363,Little Altars Everywhere: A Novel,Rebecca Wells,1996,Perennial,http://images.amazon.com/images/P/0060976845.01.MZZZZZZZ.jpg,145
3363,Wicked: The Life and Times of the Wicked Witch of the West,Gregory Maguire,1996,Regan Books,http://images.amazon.com/images/P/0060987103.01.MZZZZZZZ.jpg,120
3363,Confessions of an Ugly Stepsister : A Novel,Gregory Maguire,2000,Regan Books,http://images.amazon.com/images/P/0060987529.01.MZZZZZZZ.jpg,90
3363,"Angus, Thongs and Full-Frontal Snogging: Confessions of Georgia Nicolson",Louise Rennison,2001,HarperTempest,http://images.amazon.com/images/P/0064472272.01.MZZZZZZZ.jpg,53
3363,Fried Green Tomatoes at the Whistle Stop Cafe,Fannie Flagg,1989,McGraw-Hill,http://images.amazon.com/images/P/0070212570.01.MZZZZZZZ.jpg,131
3363,The Girls' Guide to Hunting and Fishing,Melissa Bank,2000,Penguin Books,http://images.amazon.com/images/P/0140293248.01.MZZZZZZZ.jpg,200
3363,The Nanny Diaries: A Novel,Emma McLaughlin,2002,St. Martin's Press,http://images.amazon.com/images/P/0312278586.01.MZZZZZZZ.jpg,230
3363,Interview with the Vampire,Anne Rice,1993,Ballantine Books,http://images.amazon.com/images/P/0345337662.01.MZZZZZZZ.jpg,177
3363,How to Make an American Quilt,Whitney Otto,1994,Ballantine Books,http://images.amazon.com/images/P/0345388968.01.MZZZZZZZ.jpg,85
3363,Timeline,MICHAEL CRICHTON,2000,Ballantine Books,http://images.amazon.com/images/P/0345417623.01.MZZZZZZZ.jpg,145
3363,Vittorio the Vampire: New Tales of the Vampires,Anne Rice,2001,Ballantine Books,http://images.amazon.com/images/P/0345422392.01.MZZZZZZZ.jpg,50
3363,Big Cherry Holler: A Big Stone Gap Novel (Ballantine Reader's Circle),Adriana Trigiani,2002,Ballantine Books,http://images.amazon.com/images/P/0345445848.01.MZZZZZZZ.jpg,51
3363,Plainsong (Vintage Contemporaries),KENT HARUF,2000,Vintage,http://images.amazon.com/images/P/0375705856.01.MZZZZZZZ.jpg,62
3363,Midwives: A Novel,Chris Bohjalian,1998,Vintage,http://images.amazon.com/images/P/0375706771.01.MZZZZZZZ.jpg,143
3363,Empire Falls,Richard Russo,2002,Vintage Books USA,http://images.amazon.com/images/P/0375726403.01.MZZZZZZZ.jpg,104
3363,Last Chance Saloon,Marian Keyes,2002,Avon,http://images.amazon.com/images/P/0380820293.01.MZZZZZZZ.jpg,62
3363,Confessions of a Shopaholic (Summer Display Opportunity),SOPHIE KINSELLA,2001,Delta,http://images.amazon.com/images/P/0385335482.01.MZZZZZZZ.jpg,120
3363,Shopaholic Takes Manhattan (Summer Display Opportunity),Sophie Kinsella,2002,Delta,http://images.amazon.com/images/P/0385335881.01.MZZZZZZZ.jpg,78
3363,The Talisman,Stephen King,1991,Berkley Publishing Group,http://images.amazon.com/images/P/0425105334.01.MZZZZZZZ.jpg,84
3363,Abduction,Robin Cook,2000,Berkley Publishing Group,http://images.amazon.com/images/P/042517736X.01.MZZZZZZZ.jpg,50
3363,Hannibal,Thomas Harris,2000,Dell Publishing Company,http://images.amazon.com/images/P/0440224675.01.MZZZZZZZ.jpg,183
3363,Daisy Fay and the Miracle Man,Fannie Flagg,1992,Warner Books,http://images.amazon.com/images/P/0446394521.01.MZZZZZZZ.jpg,77
3363,The Alibi,Sandra Brown,2000,Warner Books,http://images.amazon.com/images/P/0446608653.01.MZZZZZZZ.jpg,64
3363,The Honk and Holler Opening Soon,Billie Letts,1999,Warner Books,http://images.amazon.com/images/P/0446675059.01.MZZZZZZZ.jpg,69
3363,Zen and the Art of Motorcycle Maintenance: An Inquiry into Values,ROBERT PIRSIG,1984,Bantam,http://images.amazon.com/images/P/0553277472.01.MZZZZZZZ.jpg,64
3363,Winter Moon,Dean R. Koontz,2001,Bantam Books,http://images.amazon.com/images/P/0553582933.01.MZZZZZZZ.jpg,61
3363,Body of Lies,IRIS JOHANSEN,2002,Bantam,http://images.amazon.com/images/P/0553800973.01.MZZZZZZZ.jpg,64
3363,Temptation,Jude Deveraux,2000,Atria,http://images.amazon.com/images/P/0671002031.01.MZZZZZZZ.jpg,61
3363,While My Pretty One Sleeps,Mary Higgins Clark,1990,Pocket,http://images.amazon.com/images/P/0671673688.01.MZZZZZZZ.jpg,75
3363,A Civil Action,JONATHAN HARR,1996,Vintage,http://images.amazon.com/images/P/0679772677.01.MZZZZZZZ.jpg,61
3363,Good in Bed,Jennifer Weiner,2002,Washington Square Press,http://images.amazon.com/images/P/0743418174.01.MZZZZZZZ.jpg,174
3363,Jemima J: A Novel About Ugly Ducklings and Swans,Jane Green,2001,Broadway Books,http://images.amazon.com/images/P/0767905180.01.MZZZZZZZ.jpg,70
3363,Don't Sweat the Small Stuff and It's All Small Stuff : Simple Ways to Keep the Little Things from Taking Over Your Life (Don't Sweat the Small Stuff Series),Richard Carlson,1997,Hyperion,http://images.amazon.com/images/P/0786881852.01.MZZZZZZZ.jpg,90
3363,"Welcome to the World, Baby Girl!",Fannie Flagg,1999,Ballantine Books,http://images.amazon.com/images/P/080411868X.01.MZZZZZZZ.jpg,92
3363,Tribulation Force: The Continuing Drama of Those Left Behind (Left Behind No. 2),Tim LaHaye,1997,Tyndale House Publishers,http://images.amazon.com/images/P/0842329218.01.MZZZZZZZ.jpg,74
3363,Nicolae: The Rise of Antichrist (Left Behind No. 3),Tim F. Lahaye,1998,Tyndale House Publishers,http://images.amazon.com/images/P/0842329242.01.MZZZZZZZ.jpg,61
3363,What to Expect When You're Expecting (Revised Edition),Arlene Eisenberg,1996,Workman Pub Co,http://images.amazon.com/images/P/089480829X.01.MZZZZZZZ.jpg,59
3363,Beach House,Mary Alice Monroe,2002,Mira,http://images.amazon.com/images/P/1551668998.01.MZZZZZZZ.jpg,57
3363,Chicken Soup for the Soul (Chicken Soup for the Soul),Jack Canfield,1993,Health Communications,http://images.amazon.com/images/P/155874262X.01.MZZZZZZZ.jpg,74
3363,Chicken Soup for the Woman's Soul (Chicken Soup for the Soul Series (Paper)),Jack Canfield,1996,Health Communications,http://images.amazon.com/images/P/1558744150.01.MZZZZZZZ.jpg,68
3757,Fahrenheit 451,Ray Bradbury,1994,Aims Intl Books Corp,http://images.amazon.com/images/P/8401422345.01.MZZZZZZZ.jpg,119
4017,The Bean Trees,Barbara Kingsolver,1989,Perennial,http://images.amazon.com/images/P/0060915544.01.MZZZZZZZ.jpg,132
4017,Brave New World,Aldous Huxley,1998,Perennial,http://images.amazon.com/images/P/0060929871.01.MZZZZZZZ.jpg,70
4017,Life of Pi,Yann Martel,2003,Harvest Books,http://images.amazon.com/images/P/0156027321.01.MZZZZZZZ.jpg,185
4017,"River, Cross My Heart",Breena Clarke,1999,Little Brown &amp; Company,http://images.amazon.com/images/P/0316899984.01.MZZZZZZZ.jpg,80
4017,A Widow for One Year,JOHN IRVING,1999,Ballantine Books,http://images.amazon.com/images/P/0345424719.01.MZZZZZZZ.jpg,97
4017,The Bluest Eye,Toni Morrison,2000,Knopf,http://images.amazon.com/images/P/0375411550.01.MZZZZZZZ.jpg,52
4017,Blessings,ANNA QUINDLEN,2002,Random House,http://images.amazon.com/images/P/0375502238.01.MZZZZZZZ.jpg,83
4017,The Reader,Bernhard Schlink,1999,Vintage Books USA,http://images.amazon.com/images/P/0375707972.01.MZZZZZZZ.jpg,140
4017,Vinegar Hill (Oprah's Book Club (Paperback)),A. Manette Ansay,1998,Perennial,http://images.amazon.com/images/P/0380730138.01.MZZZZZZZ.jpg,104
4017,One True Thing,Anna Quindlen,1997,Delta Trade Paperbacks,http://images.amazon.com/images/P/0385319207.01.MZZZZZZZ.jpg,103
4017,Charming Billy,Alice McDermott,1999,Delta,http://images.amazon.com/images/P/038533334X.01.MZZZZZZZ.jpg,50
4017,The Pull of the Moon,Elizabeth Berg,2000,Berkley Publishing Group,http://images.amazon.com/images/P/0425176487.01.MZZZZZZZ.jpg,54
4017,Song of Solomon (Oprah's Book Club (Paperback)),Toni Morrison,1987,Plume Books,http://images.amazon.com/images/P/0452260116.01.MZZZZZZZ.jpg,56
4017,We Were the Mulvaneys,Joyce Carol Oates,1996,Plume,http://images.amazon.com/images/P/0452282829.01.MZZZZZZZ.jpg,120
4017,Falling Angels,Tracy Chevalier,2002,Plume Books,http://images.amazon.com/images/P/0452283205.01.MZZZZZZZ.jpg,61
4017,The Bonfire of the Vanities,Tom Wolfe,1988,Bantam Books,http://images.amazon.com/images/P/0553275976.01.MZZZZZZZ.jpg,92
4017,Harry Potter and the Sorcerer's Stone (Harry Potter (Paperback)),J. K. Rowling,1999,Arthur A. Levine Books,http://images.amazon.com/images/P/059035342X.01.MZZZZZZZ.jpg,183
4017,Bridget Jones : The Edge of Reason,Helen Fielding,2000,Viking Books,http://images.amazon.com/images/P/0670892963.01.MZZZZZZZ.jpg,53
4017,Jewel,Bret Lott,1999,Washington Square Press,http://images.amazon.com/images/P/0671038184.01.MZZZZZZZ.jpg,78
4017,Range of Motion,Elizabeth Berg,1995,Random House Inc,http://images.amazon.com/images/P/0679437452.01.MZZZZZZZ.jpg,54
4017,Angela's Ashes: A Memoir,Frank McCourt,1999,Scribner,http://images.amazon.com/images/P/068484267X.01.MZZZZZZZ.jpg,83
4017,STONES FROM THE RIVER,Ursula Hegi,1997,Touchstone,http://images.amazon.com/images/P/068484477X.01.MZZZZZZZ.jpg,137
4017,Mother of Pearl,Melinda Haynes,1999,Hyperion,http://images.amazon.com/images/P/0786866276.01.MZZZZZZZ.jpg,54
4017,Peace Like a River,Leif Enger,2002,Grove Press,http://images.amazon.com/images/P/0802139256.01.MZZZZZZZ.jpg,58
6242,I Know This Much Is True,Wally Lamb,1999,Regan Books,http://images.amazon.com/images/P/0060987561.01.MZZZZZZZ.jpg,91
6242,The Red Tent (Bestselling Backlist),Anita Diamant,1998,Picador USA,http://images.amazon.com/images/P/0312195516.01.MZZZZZZZ.jpg,171
6242,The Hours : A Novel,Michael Cunningham,2000,Picador,http://images.amazon.com/images/P/0312243022.01.MZZZZZZZ.jpg,60
6242,The Amazing Adventures of Kavalier &amp; Clay,Michael Chabon,2001,Picador,http://images.amazon.com/images/P/0312282990.01.MZZZZZZZ.jpg,50
6242,The Virgin Suicides,Jeffrey Eugenides,1994,Warner Books,http://images.amazon.com/images/P/0446670251.01.MZZZZZZZ.jpg,59
6242,"Girl, Interrupted",SUSANNA KAYSEN,1994,Vintage,http://images.amazon.com/images/P/0679746048.01.MZZZZZZZ.jpg,81
6242,Cold Mountain,Charles Frazier,1997,Atlantic Monthly Press,http://images.amazon.com/images/P/0871136791.01.MZZZZZZZ.jpg,54
6242,About a Boy,Nick Hornby,1999,Riverhead Books,http://images.amazon.com/images/P/1573227331.01.MZZZZZZZ.jpg,63
6242,High Fidelity,Nick Hornby,2000,Riverhead Books,http://images.amazon.com/images/P/1573228214.01.MZZZZZZZ.jpg,62
6242,How to Be Good,Nick Hornby,2002,Riverhead Books,http://images.amazon.com/images/P/1573229326.01.MZZZZZZZ.jpg,77
6251,Fast Food Nation: The Dark Side of the All-American Meal,Eric Schlosser,2002,Perennial,http://images.amazon.com/images/P/0060938455.01.MZZZZZZZ.jpg,89
6251,The Perfect Storm : A True Story of Men Against the Sea,Sebastian Junger,1998,HarperTorch,http://images.amazon.com/images/P/006101351X.01.MZZZZZZZ.jpg,163
6251,"The Bad Beginning (A Series of Unfortunate Events, Book 1)",Lemony Snicket,1999,HarperCollins,http://images.amazon.com/images/P/0064407667.01.MZZZZZZZ.jpg,96
6251,"The Reptile Room (A Series of Unfortunate Events, Book 2)",Lemony Snicket,1999,HarperCollins,http://images.amazon.com/images/P/0064407675.01.MZZZZZZZ.jpg,60
6251,Slammerkin,Emma Donoghue,2002,Harvest Books,http://images.amazon.com/images/P/0156007479.01.MZZZZZZZ.jpg,58
6251,The Crimson Petal and the White,Michel Faber,2003,Harvest Books,http://images.amazon.com/images/P/0156028778.01.MZZZZZZZ.jpg,98
6251,Seven Up (A Stephanie Plum Novel),Janet Evanovich,2002,St. Martin's Paperbacks,http://images.amazon.com/images/P/0312980140.01.MZZZZZZZ.jpg,111
6251,Full House (Janet Evanovich's Full Series),Janet Evanovich,2002,St. Martin's Paperbacks,http://images.amazon.com/images/P/0312983271.01.MZZZZZZZ.jpg,103
6251,The Lost World,Michael Crichton,1996,Ballantine Books,http://images.amazon.com/images/P/034540288X.01.MZZZZZZZ.jpg,101
6251,The Angel of Darkness,Caleb Carr,1998,Ballantine Books,http://images.amazon.com/images/P/0345427637.01.MZZZZZZZ.jpg,90
6251,Seabiscuit,LAURA HILLENBRAND,2003,Ballantine Books,http://images.amazon.com/images/P/0345465083.01.MZZZZZZZ.jpg,64
6251,Body of Evidence (Kay Scarpetta Mysteries (Paperback)),Patricia D. Cornwell,1992,Avon,http://images.amazon.com/images/P/0380717018.01.MZZZZZZZ.jpg,69
6251,Cruel &amp; Unusual (Kay Scarpetta Mysteries (Paperback)),Patricia D. Cornwell,1994,Avon,http://images.amazon.com/images/P/0380718340.01.MZZZZZZZ.jpg,91
6251,"Lamb : The Gospel According to Biff, Christ's Childhood Pal",Christopher Moore,2003,Perennial,http://images.amazon.com/images/P/0380813815.01.MZZZZZZZ.jpg,67
6251,The Wedding,Dorothy West,1995,Doubleday Books,http://images.amazon.com/images/P/0385471432.01.MZZZZZZZ.jpg,90
6251,The Blind Assassin,Margaret Atwood,2000,Nan A. Talese,http://images.amazon.com/images/P/0385475721.01.MZZZZZZZ.jpg,73
6251,The Hot Zone,Richard Preston,1995,Anchor,http://images.amazon.com/images/P/0385479565.01.MZZZZZZZ.jpg,97
6251,The Devil Wears Prada : A Novel,LAUREN WEISBERGER,2003,Doubleday,http://images.amazon.com/images/P/038550926X.01.MZZZZZZZ.jpg,75
6251,Without Remorse,Tom Clancy,1993,Putnam Publishing Group,http://images.amazon.com/images/P/0399138250.01.MZZZZZZZ.jpg,74
6251,Fatherhood,Bill Cosby,1994,Berkley Publishing Group,http://images.amazon.com/images/P/0425097722.01.MZZZZZZZ.jpg,65
6251,The Smoke Jumper,Nicholas Evans,2002,Dell Publishing Company,http://images.amazon.com/images/P/0440235162.01.MZZZZZZZ.jpg,78
6251,Nerd in Shining Armor,Vicki Lewis Thompson,2003,Dell Publishing Company,http://images.amazon.com/images/P/0440241162.01.MZZZZZZZ.jpg,52
6251,Holes (Yearling Newbery),LOUIS SACHAR,2000,Yearling,http://images.amazon.com/images/P/0440414806.01.MZZZZZZZ.jpg,55
6251,"Dude, Where's My Country?",Michael Moore,2003,Warner Books,http://images.amazon.com/images/P/0446532231.01.MZZZZZZZ.jpg,56
6251,Sick Puppy,Carl Hiaasen,2001,Warner Vision,http://images.amazon.com/images/P/0446604666.01.MZZZZZZZ.jpg,64
6251,The Rescue,Nicholas Sparks,2001,Warner Books,http://images.amazon.com/images/P/0446610399.01.MZZZZZZZ.jpg,101
6251,L Is for Lawless,Sue Grafton,1996,Fawcett Books,http://images.amazon.com/images/P/0449221490.01.MZZZZZZZ.jpg,70
6251,Homecoming,Cynthia Voigt,1990,Fawcett Books,http://images.amazon.com/images/P/0449702545.01.MZZZZZZZ.jpg,61
6251,The Most Wanted,Jacquelyn Mitchard,1999,Signet Book,http://images.amazon.com/images/P/0451196856.01.MZZZZZZZ.jpg,60
6251,4 Blondes,Candace Bushnell,2002,Signet Book,http://images.amazon.com/images/P/0451203895.01.MZZZZZZZ.jpg,71
6251,The Bourne Identity,Robert Ludlum,1984,Bantam Books,http://images.amazon.com/images/P/0553260111.01.MZZZZZZZ.jpg,71
6251,CAT'S EYE,MARGARET ATWOOD,1989,Bantam,http://images.amazon.com/images/P/0553282476.01.MZZZZZZZ.jpg,56
6251,Dying for Chocolate (Culinary Mysteries (Paperback)),DIANE MOTT DAVIDSON,1993,Bantam,http://images.amazon.com/images/P/0553560247.01.MZZZZZZZ.jpg,62
6251,The Grilling Season,Diane Mott Davidson,1998,Bantam Books,http://images.amazon.com/images/P/0553574663.01.MZZZZZZZ.jpg,50
6251,Prime Cut,Diane Mott Davidson,2000,Bantam Books,http://images.amazon.com/images/P/0553574671.01.MZZZZZZZ.jpg,52
6251,Tough Cookie,Diane Mott Davidson,2001,Bantam Books,http://images.amazon.com/images/P/0553578308.01.MZZZZZZZ.jpg,50
6251,Jewel (Oprah's Book Club),Bret Lott,1999,Pocket,http://images.amazon.com/images/P/0671042572.01.MZZZZZZZ.jpg,60
6251,FORREST GUMP (Movie Tie in),Winston Groom,1994,Pocket,http://images.amazon.com/images/P/0671894455.01.MZZZZZZZ.jpg,70
6251,"All the Pretty Horses (The Border Trilogy, Vol 1)",CORMAC MCCARTHY,1993,Vintage,http://images.amazon.com/images/P/0679744398.01.MZZZZZZZ.jpg,56
6251,The English Patient,Michael Ondaatje,1996,Vintage Books USA,http://images.amazon.com/images/P/0679745203.01.MZZZZZZZ.jpg,93
6251,The Diary of Ellen Rimbauer: My Life at Rose Red,Joyce Reardon,2001,Hyperion,http://images.amazon.com/images/P/0786868015.01.MZZZZZZZ.jpg,65
6251,It Was on Fire When I Lay Down on It,Robert Fulghum,1993,Ivy Books,http://images.amazon.com/images/P/0804105820.01.MZZZZZZZ.jpg,64
6251,The Hundred Secret Senses,Amy Tan,1996,Ivy Books,http://images.amazon.com/images/P/080411109X.01.MZZZZZZZ.jpg,129
6251,Ender's Game (Ender Wiggins Saga (Paperback)),Orson Scott Card,1994,Tor Books,http://images.amazon.com/images/P/0812550706.01.MZZZZZZZ.jpg,63
6251,Morality for Beautiful Girls (No.1 Ladies Detective Agency),Alexander McCall Smith,2002,Anchor,http://images.amazon.com/images/P/1400031362.01.MZZZZZZZ.jpg,60
6323,Pop Goes the Weasel,James Patterson,1999,Replica Books,http://images.amazon.com/images/P/0316693286.01.MZZZZZZZ.jpg,104
6323,Unnatural Exposure,Patricia Daniels Cornwell,1997,Putnam Pub Group,http://images.amazon.com/images/P/0399142851.01.MZZZZZZZ.jpg,91
6323,The Last Precinct,Patricia Daniels Cornwell,2000,Putnam Publishing Group,http://images.amazon.com/images/P/0399146253.01.MZZZZZZZ.jpg,129
6323,Pleading Guilty,Scott Turow,1994,Warner Books,http://images.amazon.com/images/P/0446365505.01.MZZZZZZZ.jpg,63
6323,Kiss the Girls,James Patterson,1995,Warner Books,http://images.amazon.com/images/P/0446601241.01.MZZZZZZZ.jpg,116
6323,Exclusive,Sandra Brown,1997,Warner Books,http://images.amazon.com/images/P/0446604232.01.MZZZZZZZ.jpg,52
6323,A Darkness More Than Night,Michael Connelly,2002,Warner Vision,http://images.amazon.com/images/P/0446667900.01.MZZZZZZZ.jpg,50
6323,A Thin Dark Line (Mysteries &amp; Horror),TAMI HOAG,1998,Bantam,http://images.amazon.com/images/P/0553571885.01.MZZZZZZZ.jpg,61
6323,You Belong To Me,Mary Higgins Clark,1999,Pocket Books,http://images.amazon.com/images/P/0671004549.01.MZZZZZZZ.jpg,56
6323,Death du Jour,Kathy Reichs,2000,Pocket,http://images.amazon.com/images/P/0671011375.01.MZZZZZZZ.jpg,56
6323,All Around the Town,Mary Higgins Clark,1993,Pocket Star,http://images.amazon.com/images/P/0671793489.01.MZZZZZZZ.jpg,83
6323,Eyes of a Child,Richard North Patterson,1994,Random House Inc,http://images.amazon.com/images/P/0679429883.01.MZZZZZZZ.jpg,51
6543,Love in the Time of Cholera (Penguin Great Books of the 20th Century),Gabriel Garcia Marquez,1994,Penguin Books,http://images.amazon.com/images/P/0140119906.01.MZZZZZZZ.jpg,62
6543,Icy Sparks,Gwyn Hyman Rubio,2001,Penguin Books,http://images.amazon.com/images/P/0142000205.01.MZZZZZZZ.jpg,96
6543,Four To Score (A Stephanie Plum Novel),Janet Evanovich,1999,St. Martin's Paperbacks,http://images.amazon.com/images/P/0312966970.01.MZZZZZZZ.jpg,98
6543,High Five (A Stephanie Plum Novel),Janet Evanovich,2000,St. Martin's Paperbacks,http://images.amazon.com/images/P/0312971346.01.MZZZZZZZ.jpg,110
6543,Hot Six : A Stephanie Plum Novel (A Stephanie Plum Novel),Janet Evanovich,2001,St. Martin's Paperbacks,http://images.amazon.com/images/P/0312976275.01.MZZZZZZZ.jpg,99
6543,Big Stone Gap: A Novel (Ballantine Reader's Circle),Adriana Trigiani,2001,Ballantine Books,http://images.amazon.com/images/P/0345438329.01.MZZZZZZZ.jpg,74
6543,The Surgeon,TESS GERRITSEN,2002,Ballantine Books,http://images.amazon.com/images/P/0345447840.01.MZZZZZZZ.jpg,74
6543,Three Junes,Julia Glass,2002,Pantheon Books,http://images.amazon.com/images/P/0375422412.01.MZZZZZZZ.jpg,84
6543,Sisterhood of the Traveling Pants,ANN BRASHARES,2003,Delacorte Books for Young Readers,http://images.amazon.com/images/P/0385730586.01.MZZZZZZZ.jpg,50
6543,Q Is for Quarry,Sue Grafton,2002,Putnam Publishing Group,http://images.amazon.com/images/P/0399149155.01.MZZZZZZZ.jpg,88
6543,Outlander,DIANA GABALDON,1992,Dell,http://images.amazon.com/images/P/0440212561.01.MZZZZZZZ.jpg,113
6543,1st to Die: A Novel,James Patterson,2002,Warner Vision,http://images.amazon.com/images/P/0446610038.01.MZZZZZZZ.jpg,162
6543,Suzanne's Diary for Nicholas,James Patterson,2003,Warner Books,http://images.amazon.com/images/P/0446611085.01.MZZZZZZZ.jpg,143
6543,The Green Mile,Stephen King,1999,Pocket,http://images.amazon.com/images/P/0671041789.01.MZZZZZZZ.jpg,91
6543,Schindler's List,Thomas Keneally,1993,Touchstone,http://images.amazon.com/images/P/0671880314.01.MZZZZZZZ.jpg,59
6543,Miss Julia Speaks Her Mind : A Novel,Ann B. Ross,2000,Perennial,http://images.amazon.com/images/P/0688177751.01.MZZZZZZZ.jpg,61
6543,The Other Boleyn Girl,Philippa Gregory,2002,Touchstone,http://images.amazon.com/images/P/0743227441.01.MZZZZZZZ.jpg,53
6543,Everything's Eventual : 14 Dark Tales,Stephen King,2002,Scribner,http://images.amazon.com/images/P/0743235150.01.MZZZZZZZ.jpg,62
6563,Prodigal Summer,Barbara Kingsolver,2000,HarperCollins,http://images.amazon.com/images/P/0060199652.01.MZZZZZZZ.jpg,57
6563,Pigs in Heaven,Barbara Kingsolver,1994,Perennial,http://images.amazon.com/images/P/0060922532.01.MZZZZZZZ.jpg,93
6563,The Saving Graces: A Novel,Patricia Gaffney,2000,HarperTorch,http://images.amazon.com/images/P/0061097101.01.MZZZZZZZ.jpg,76
6563,Jacob Have I Loved,Katherine Paterson,1990,HarperTrophy,http://images.amazon.com/images/P/0064403688.01.MZZZZZZZ.jpg,51
6563,Crazy for You,Jennifer Crusie,1999,St Martins Pr,http://images.amazon.com/images/P/0312198493.01.MZZZZZZZ.jpg,68
6563,September,Rosamunde Pilcher,1991,St. Martin's Press,http://images.amazon.com/images/P/0312924801.01.MZZZZZZZ.jpg,50
6563,The Weight of Water : A Novel Tag: Author of Resistance and Strange Fits of Passion,Anita Shreve,1998,Back Bay Books,http://images.amazon.com/images/P/0316780375.01.MZZZZZZZ.jpg,69
6563,Fortune's Rocks: A Novel,Anita Shreve,1999,Back Bay Books,http://images.amazon.com/images/P/0316781010.01.MZZZZZZZ.jpg,52
6563,What Looks Like Crazy On An Ordinary Day,Pearl Cleage,1998,Perennial,http://images.amazon.com/images/P/038079487X.01.MZZZZZZZ.jpg,79
6563,Evening Class,Maeve Binchy,1997,Dell,http://images.amazon.com/images/P/0385318073.01.MZZZZZZZ.jpg,84
6563,Shopaholic Ties the Knot,Sophie Kinsella,2003,Delta,http://images.amazon.com/images/P/0385336179.01.MZZZZZZZ.jpg,69
6563,Beach Music,PAT CONROY,1995,Nan A. Talese,http://images.amazon.com/images/P/0385413041.01.MZZZZZZZ.jpg,79
6563,Sanctuary,Nora Roberts,1997,Putnam Publishing Group,http://images.amazon.com/images/P/0399142401.01.MZZZZZZZ.jpg,78
6563,Echoes,Maeve Binchy,1989,Dell,http://images.amazon.com/images/P/0440122090.01.MZZZZZZZ.jpg,54
6563,The Burden of Proof,Scott Turow,1991,Warner Books,http://images.amazon.com/images/P/0446360589.01.MZZZZZZZ.jpg,69
6563,Four Blind Mice,James Patterson,2003,Warner Books,http://images.amazon.com/images/P/0446613266.01.MZZZZZZZ.jpg,84
6563,Scarlet Feather,Maeve Binchy,2002,Signet Book,http://images.amazon.com/images/P/0451203771.01.MZZZZZZZ.jpg,91
6563,Quentins,Maeve Binchy,2002,Dutton Books,http://images.amazon.com/images/P/0525946829.01.MZZZZZZZ.jpg,50
6563,Wifey,Judy Blume,1989,Pocket,http://images.amazon.com/images/P/0671693816.01.MZZZZZZZ.jpg,55
6563,Smart Women,Judy Blume,1990,Pocket Books,http://images.amazon.com/images/P/0671727583.01.MZZZZZZZ.jpg,51
6563,Under the Tuscan Sun,Frances Mayes,1997,Broadway,http://images.amazon.com/images/P/0767900383.01.MZZZZZZZ.jpg,64
6575,84 Charing Cross Road,Helene Hanff,1990,Penguin Books,http://images.amazon.com/images/P/0140143505.01.MZZZZZZZ.jpg,54
6575,Hard Eight : A Stephanie Plum Novel (A Stephanie Plum Novel),Janet Evanovich,2002,St. Martin's Press,http://images.amazon.com/images/P/0312265859.01.MZZZZZZZ.jpg,112
6575,To the Nines: A Stephanie Plum Novel,Janet Evanovich,2003,St. Martin's Press,http://images.amazon.com/images/P/0312265867.01.MZZZZZZZ.jpg,63
6575,Fast Women,Jennifer Crusie,2002,St. Martin's Press,http://images.amazon.com/images/P/0312980159.01.MZZZZZZZ.jpg,90
6575,One for the Money (A Stephanie Plum Novel),Janet Evanovich,2003,St. Martin's Paperbacks,http://images.amazon.com/images/P/0312990456.01.MZZZZZZZ.jpg,63
6575,The Pilot's Wife : A Novel,Anita Shreve,1999,Back Bay Books,http://images.amazon.com/images/P/0316601950.01.MZZZZZZZ.jpg,171
6575,The Last Time They Met : A Novel,Anita Shreve,2002,Back Bay Books,http://images.amazon.com/images/P/0316781266.01.MZZZZZZZ.jpg,88
6575,Gorky Park,Martin Cruz Smith,1993,Ballantine Books,http://images.amazon.com/images/P/0345298349.01.MZZZZZZZ.jpg,50
6575,Cold Mountain : A Novel,CHARLES FRAZIER,1998,Vintage,http://images.amazon.com/images/P/0375700757.01.MZZZZZZZ.jpg,92
6575,White Teeth: A Novel,Zadie Smith,2001,Vintage Books USA,http://images.amazon.com/images/P/0375703861.01.MZZZZZZZ.jpg,52
6575,The Idiot Girls' Action Adventure Club,Laurie Notaro,2002,Villard Books,http://images.amazon.com/images/P/0375760911.01.MZZZZZZZ.jpg,57
6575,A Map of the World,Jane Hamilton,1999,Anchor Books/Doubleday,http://images.amazon.com/images/P/0385720106.01.MZZZZZZZ.jpg,119
6575,Atonement : A Novel,IAN MCEWAN,2003,Anchor,http://images.amazon.com/images/P/038572179X.01.MZZZZZZZ.jpg,66
6575,Blue Diary,Alice Hoffman,2002,Berkley Publishing Group,http://images.amazon.com/images/P/0425184943.01.MZZZZZZZ.jpg,67
6575,Devices and Desires,Phyllis White,1991,Warner Books,http://images.amazon.com/images/P/0446359750.01.MZZZZZZZ.jpg,50
6575,The Celestine Prophecy (Celestine Prophecy),James Redfield,1994,Warner Books,http://images.amazon.com/images/P/044651862X.01.MZZZZZZZ.jpg,63
6575,The Beach House,James Patterson,2003,Warner Books,http://images.amazon.com/images/P/0446612545.01.MZZZZZZZ.jpg,142
6575,N Is for Noose,Sue Grafton,1999,Fawcett Books,http://images.amazon.com/images/P/0449223612.01.MZZZZZZZ.jpg,75
6575,Moo,Jane Smiley,1996,Ballantine Books,http://images.amazon.com/images/P/0449910237.01.MZZZZZZZ.jpg,80
6575,Ladder of Years,Anne Tyler,1996,Ballantine Books,http://images.amazon.com/images/P/0449910571.01.MZZZZZZZ.jpg,70
6575,How Stella Got Her Groove Back,Terry McMillan,1998,Signet Book,http://images.amazon.com/images/P/0451197410.01.MZZZZZZZ.jpg,101
6575,Bastard Out of Carolina,Dorothy Allison,1993,Plume Books,http://images.amazon.com/images/P/0452269571.01.MZZZZZZZ.jpg,62
6575,Paradise,Toni Morrison,1999,Plume Books,http://images.amazon.com/images/P/0452280397.01.MZZZZZZZ.jpg,73
6575,Final Target,Iris Johansen,2002,Bantam Books,http://images.amazon.com/images/P/0553582135.01.MZZZZZZZ.jpg,80
6575,Notes from a Small Island,Bill Bryson,1996,William Morrow &amp; Company,http://images.amazon.com/images/P/0688147259.01.MZZZZZZZ.jpg,53
6575,Fall On Your Knees (Oprah #45),Ann-Marie MacDonald,2002,Touchstone,http://images.amazon.com/images/P/0743237188.01.MZZZZZZZ.jpg,90
6575,In Her Shoes : A Novel,Jennifer Weiner,2002,Atria Books,http://images.amazon.com/images/P/0743418190.01.MZZZZZZZ.jpg,81
6575,Secret History,DONNA TARTT,1993,Ballantine Books,http://images.amazon.com/images/P/0804111359.01.MZZZZZZZ.jpg,70
6575,A Fine Balance,Rohinton Mistry,2001,Vintage Books USA,http://images.amazon.com/images/P/140003065X.01.MZZZZZZZ.jpg,63
6575,Fingersmith,Sarah Waters,2002,Riverhead Books,http://images.amazon.com/images/P/1573229725.01.MZZZZZZZ.jpg,59
7158,Sea Glass: A Novel,Anita Shreve,2002,"Little, Brown",http://images.amazon.com/images/P/0316780812.01.MZZZZZZZ.jpg,59
7158,Killjoy,Julie Garwood,2003,Ballantine Books,http://images.amazon.com/images/P/0345453816.01.MZZZZZZZ.jpg,51
7158,Accident,Danielle Steel,1994,Delacorte Press,http://images.amazon.com/images/P/0385306024.01.MZZZZZZZ.jpg,64
7158,Bleachers,John Grisham,2003,Doubleday,http://images.amazon.com/images/P/0385511612.01.MZZZZZZZ.jpg,53
7158,Choke,CHUCK PALAHNIUK,2002,Anchor,http://images.amazon.com/images/P/0385720920.01.MZZZZZZZ.jpg,52
7158,Small Town Girl,LaVyrle Spencer,1997,Putnam Pub Group,http://images.amazon.com/images/P/0399142495.01.MZZZZZZZ.jpg,59
7158,Fine Things,Danielle Steel,1988,Dell,http://images.amazon.com/images/P/0440200563.01.MZZZZZZZ.jpg,57
7158,Black and Blue,ANNA QUINDLEN,1999,Dell,http://images.amazon.com/images/P/0440226104.01.MZZZZZZZ.jpg,97
7158,Envy,Sandra Brown,2001,Warner Books,http://images.amazon.com/images/P/0446527130.01.MZZZZZZZ.jpg,67
7158,The Guardian,Nicholas Sparks,2003,Warner Books,http://images.amazon.com/images/P/0446527793.01.MZZZZZZZ.jpg,72
7158,Nights in Rodanthe,Nicholas Sparks,2002,Warner Books,http://images.amazon.com/images/P/0446531332.01.MZZZZZZZ.jpg,62
7158,Nightmares &amp; Dreamscapes,Stephen King,2004,Signet Book,http://images.amazon.com/images/P/0451180232.01.MZZZZZZZ.jpg,62
7158,From the Corner of His Eye,Dean Koontz,2001,Bantam Books,http://images.amazon.com/images/P/0553582747.01.MZZZZZZZ.jpg,71
7158,Back Roads,Tawni O'Dell,2000,Viking Books,http://images.amazon.com/images/P/0670894184.01.MZZZZZZZ.jpg,118
7158,On the Street Where You Live,Mary Higgins Clark,2002,Pocket,http://images.amazon.com/images/P/0671004530.01.MZZZZZZZ.jpg,69
7158,The Summerhouse,Jude Deveraux,2001,Atria,http://images.amazon.com/images/P/0671014188.01.MZZZZZZZ.jpg,84
7158,The Little Friend,Donna Tartt,2002,Alfred A. Knopf,http://images.amazon.com/images/P/0679439382.01.MZZZZZZZ.jpg,51
7158,The Woman Next Door,Barbara Delinsky,2002,Pocket,http://images.amazon.com/images/P/0743411250.01.MZZZZZZZ.jpg,52
7158,Remember Me,Sharon Sala,2003,Mira,http://images.amazon.com/images/P/1551669676.01.MZZZZZZZ.jpg,87
7286,Bridge to Terabithia,Katherine Paterson,1979,Avon Books,http://images.amazon.com/images/P/0380432811.01.MZZZZZZZ.jpg,52
7346,Lake Wobegon days,Garrison Keillor,1986,Penguin Books,http://images.amazon.com/images/P/0140092323.01.MZZZZZZZ.jpg,50
7346,I Capture the Castle,Dodie Smith,1999,St. Martin's Griffin,http://images.amazon.com/images/P/0312201656.01.MZZZZZZZ.jpg,66
7346,Silence of the Lambs,Thomas Harris,1991,St. Martin's Press,http://images.amazon.com/images/P/0312924585.01.MZZZZZZZ.jpg,113
7346,Fortune's Rocks : A Novel,Anita Shreve,2001,Back Bay Books,http://images.amazon.com/images/P/0316678104.01.MZZZZZZZ.jpg,69
7346,Rebecca,Daphne Du Maurier,1994,Avon,http://images.amazon.com/images/P/0380778556.01.MZZZZZZZ.jpg,68
7346,"Like Water for Chocolate: A Novel in Monthly Installments With Recipes, Romances and Home Remedies",Laura Esquivel,1994,Anchor Books/Doubleday,http://images.amazon.com/images/P/0385474016.01.MZZZZZZZ.jpg,75
7346,Clear and Present Danger (Jack Ryan Novels),Tom Clancy,1996,Berkley Publishing Group,http://images.amazon.com/images/P/0425122123.01.MZZZZZZZ.jpg,57
7346,Chosen Prey,John Sandford,2004,Berkley Publishing Group,http://images.amazon.com/images/P/0425182878.01.MZZZZZZZ.jpg,73
7346,Shell Seekers,Rosamunde Pilcher,1996,Dell,http://images.amazon.com/images/P/0440202043.01.MZZZZZZZ.jpg,72
7346,Absolute Power,David Baldacci,1996,Warner Books,http://images.amazon.com/images/P/0446519960.01.MZZZZZZZ.jpg,69
7346,"\O\"" Is for Outlaw""",SUE GRAFTON,2001,Ballantine Books,http://images.amazon.com/images/P/0449003787.01.MZZZZZZZ.jpg,105
7346,G Is for Gumshoe (Kinsey Millhone Mysteries (Paperback)),Sue Grafton,1991,Fawcett Books,http://images.amazon.com/images/P/0449219364.01.MZZZZZZZ.jpg,82
7346,H Is for Homicide (Kinsey Millhone Mysteries (Paperback)),Sue Grafton,1993,Fawcett Books,http://images.amazon.com/images/P/0449219461.01.MZZZZZZZ.jpg,70
7346,Pride and Prejudice,Jane Austen,1961,Signet Book,http://images.amazon.com/images/P/0451519167.01.MZZZZZZZ.jpg,64
7346,Anne of Green Gables (Anne of Green Gables Novels (Paperback)),L.M. Montgomery,1984,Skylark,http://images.amazon.com/images/P/0553153277.01.MZZZZZZZ.jpg,90
7346,Anne of Avonlea (Anne of Green Gables Novels (Paperback)),L.M. MONTGOMERY,1984,Bantam Classics,http://images.amazon.com/images/P/0553213148.01.MZZZZZZZ.jpg,62
7346,The House of the Spirits,Isabel Allende,1986,Bantam Books,http://images.amazon.com/images/P/0553273914.01.MZZZZZZZ.jpg,68
7346,The Blue Nowhere : A Novel,Jeffery Deaver,2002,Pocket,http://images.amazon.com/images/P/0671042262.01.MZZZZZZZ.jpg,65
7346,WLD ACCORDNG GARP,John Irving,1982,Pocket,http://images.amazon.com/images/P/0671452177.01.MZZZZZZZ.jpg,54
7346,The Lottery Winner : Alvirah And Willy Stories,Mary Higgins Clark,1995,Pocket,http://images.amazon.com/images/P/0671867172.01.MZZZZZZZ.jpg,58
7346,Hearts in Atlantis,Stephen King,2001,Pocket,http://images.amazon.com/images/P/0743436210.01.MZZZZZZZ.jpg,52
7346,"A Child Called \It\"": One Child's Courage to Survive""",Dave Pelzer,1995,Health Communications,http://images.amazon.com/images/P/1558743669.01.MZZZZZZZ.jpg,85
7346,The Lost Boy: A Foster Child's Search for the Love of a Family,Dave Pelzer,1997,Health Communications,http://images.amazon.com/images/P/1558745157.01.MZZZZZZZ.jpg,52
7915,The Stone Diaries,Carol Shields,1995,Penguin Books,http://images.amazon.com/images/P/014023313X.01.MZZZZZZZ.jpg,84
7915,The Rapture of Canaan,Sheri Reynolds,1997,Berkley Publishing Group,http://images.amazon.com/images/P/0425162443.01.MZZZZZZZ.jpg,87
7915,Dragonfly in Amber,DIANA GABALDON,1993,Dell,http://images.amazon.com/images/P/0440215625.01.MZZZZZZZ.jpg,71
7915,The Loop,Nicholas Evans,1999,Dell Publishing Company,http://images.amazon.com/images/P/0440224624.01.MZZZZZZZ.jpg,72
7915,Cold Sassy Tree,Olive Ann Burns,1986,Dell Publishing Company,http://images.amazon.com/images/P/0440514428.01.MZZZZZZZ.jpg,94
7915,Anne of the Island,Lucy Maud Montgomery,1983,Bantam Classics,http://images.amazon.com/images/P/0553213172.01.MZZZZZZZ.jpg,57
8067,Faking It,Jennifer Crusie,2002,St. Martin's Press,http://images.amazon.com/images/P/0312284683.01.MZZZZZZZ.jpg,97
8067,Tell Me Lies (Tell Me Lies),Jennifer Crusie,1999,St. Martin's Press,http://images.amazon.com/images/P/0312966806.01.MZZZZZZZ.jpg,61
8067,The Bachelor (Warner Books Contemporary Romance),Carly Phillips,2002,Warner Forever,http://images.amazon.com/images/P/0446610542.01.MZZZZZZZ.jpg,71
8067,Dances With Wolves,Michael Blake,1990,Fawcett Books,http://images.amazon.com/images/P/0449134482.01.MZZZZZZZ.jpg,66
8067,Impulse,Catherine Coulter,2001,Signet Book,http://images.amazon.com/images/P/0451204301.01.MZZZZZZZ.jpg,50
8245,Winter Solstice,Rosamunde Pilcher,2001,St. Martin's Paperbacks,http://images.amazon.com/images/P/0312978383.01.MZZZZZZZ.jpg,68
8245,Sophie's World: A Novel About the History of Philosophy,Jostein Gaarder,1996,Berkley Publishing Group,http://images.amazon.com/images/P/0425152251.01.MZZZZZZZ.jpg,54
8245,Whispers,BELVA PLAIN,1994,Dell,http://images.amazon.com/images/P/0440216745.01.MZZZZZZZ.jpg,129
8245,The Winner,David Baldacci,1998,Warner Vision,http://images.amazon.com/images/P/0446606324.01.MZZZZZZZ.jpg,80
8245,Dream Country,Luanne Rice,2002,Bantam Books,http://images.amazon.com/images/P/055358264X.01.MZZZZZZZ.jpg,50
8245,Bag of Bones,Stephen King,1999,Pocket,http://images.amazon.com/images/P/067102423X.01.MZZZZZZZ.jpg,54
8245,Seven Habits Of Highly Effective People,Stephen R. Covey,1990,Free Press,http://images.amazon.com/images/P/0671708635.01.MZZZZZZZ.jpg,54
8681,Dark Paradise,TAMI HOAG,1994,Bantam,http://images.amazon.com/images/P/0553561618.01.MZZZZZZZ.jpg,72
8681,A Day Late and a Dollar Short,Terry McMillan,2001,Viking Books,http://images.amazon.com/images/P/0670896764.01.MZZZZZZZ.jpg,53
8681,Angels &amp; Demons,Dan Brown,2001,Pocket Star,http://images.amazon.com/images/P/0671027360.01.MZZZZZZZ.jpg,193
8936,Digital Fortress : A Thriller,Dan Brown,2000,St. Martin's Griffin,http://images.amazon.com/images/P/0312263120.01.MZZZZZZZ.jpg,61
8936,Black House,Stephen King,2002,Ballantine Books,http://images.amazon.com/images/P/0345441036.01.MZZZZZZZ.jpg,70
8936,Easy Prey,John Sandford,2000,Putnam Publishing Group,http://images.amazon.com/images/P/039914613X.01.MZZZZZZZ.jpg,73
8936,Eyes of Prey,John Sandford,2004,Berkley Publishing Group,http://images.amazon.com/images/P/0425132048.01.MZZZZZZZ.jpg,50
8936,Mortal Prey,John Sandford,2003,Berkley Publishing Group,http://images.amazon.com/images/P/0425189864.01.MZZZZZZZ.jpg,62
8936,Message from Nam,Danielle Steel,1991,Dell,http://images.amazon.com/images/P/0440209412.01.MZZZZZZZ.jpg,53
8936,It,Stephen King,1987,New Amer Library,http://images.amazon.com/images/P/0451149513.01.MZZZZZZZ.jpg,81
8936,Cujo,Stephen King,2004,Signet Book,http://images.amazon.com/images/P/0451161351.01.MZZZZZZZ.jpg,67
8936,"The Drawing of the Three (The Dark Tower, Book 2)",Stephen King,1997,Signet Book,http://images.amazon.com/images/P/0451163524.01.MZZZZZZZ.jpg,78
8936,Skeleton Crew,Stephen King,1986,Signet Book,http://images.amazon.com/images/P/0451168615.01.MZZZZZZZ.jpg,82
8936,Desperation,Stephen King,1997,Signet Book,http://images.amazon.com/images/P/0451188462.01.MZZZZZZZ.jpg,59
9856,Sphere,MICHAEL CRICHTON,1988,Ballantine Books,http://images.amazon.com/images/P/0345353145.01.MZZZZZZZ.jpg,117
9856,The Mummy or Ramses the Damned,Anne Rice,1991,Ballantine Books,http://images.amazon.com/images/P/0345369947.01.MZZZZZZZ.jpg,83
9856,The Andromeda Strain,MICHAEL CRICHTON,1992,Ballantine Books,http://images.amazon.com/images/P/0345378482.01.MZZZZZZZ.jpg,59
9856,Violin,Anne Rice,1998,Ballantine Books,http://images.amazon.com/images/P/0345389425.01.MZZZZZZZ.jpg,65
9856,Shattered,Dean R. Koontz,1993,Berkley Publishing Group,http://images.amazon.com/images/P/0425099334.01.MZZZZZZZ.jpg,58
9856,Phantoms,Dean R. Koontz,1996,Berkley Publishing Group,http://images.amazon.com/images/P/0425101452.01.MZZZZZZZ.jpg,66
9856,Shadowfires,Dean R. Koontz,1994,Berkley Publishing Group,http://images.amazon.com/images/P/0425136981.01.MZZZZZZZ.jpg,55
9856,Slaughterhouse Five or the Children's Crusade: A Duty Dance With Death,Kurt Vonnegut,1991,Laurel,http://images.amazon.com/images/P/0440180295.01.MZZZZZZZ.jpg,50
9856,Carrie,Stephen King,2002,Pocket,http://images.amazon.com/images/P/0671039725.01.MZZZZZZZ.jpg,57
10447,The Fourth Hand,JOHN IRVING,2001,Random House,http://images.amazon.com/images/P/0375506276.01.MZZZZZZZ.jpg,50
10447,That Camden Summer,Lavyrle Spencer,1996,Putnam Pub Group,http://images.amazon.com/images/P/0399141200.01.MZZZZZZZ.jpg,74
10447,Here on Earth,Alice Hoffman,1998,Berkley Publishing Group,http://images.amazon.com/images/P/0425167313.01.MZZZZZZZ.jpg,88
10447,P Is for Peril,Sue Grafton,2002,Ballantine Books,http://images.amazon.com/images/P/0449003795.01.MZZZZZZZ.jpg,83
10819,Anne Frank: The Diary of a Young Girl,ANNE FRANK,1993,Bantam,http://images.amazon.com/images/P/0553296981.01.MZZZZZZZ.jpg,62
10819,Contact,Carl Sagan,1997,Pocket,http://images.amazon.com/images/P/0671004107.01.MZZZZZZZ.jpg,67
11601,Animal Dreams,Barbara Kingsolver,1991,Perennial,http://images.amazon.com/images/P/0060921145.01.MZZZZZZZ.jpg,58
11601,Monster : A Novel (Alex Delaware Novels (Paperback)),JONATHAN KELLERMAN,2000,Ballantine Books,http://images.amazon.com/images/P/0345413873.01.MZZZZZZZ.jpg,51
11601,A Virtuous Woman (Oprah's Book Club (Paperback)),Kaye Gibbons,1997,Vintage Books,http://images.amazon.com/images/P/0375703063.01.MZZZZZZZ.jpg,69
11601,The Bad Place,Dean R. Koontz,1994,Berkley Publishing Group,http://images.amazon.com/images/P/0425124347.01.MZZZZZZZ.jpg,59
11601,Betrayal in Death,Nora Roberts,2001,Berkley Publishing Group,http://images.amazon.com/images/P/0425178579.01.MZZZZZZZ.jpg,62
11601,Weep No More My Lady,Mary Higgins Clark,1993,Dell,http://images.amazon.com/images/P/0440200989.01.MZZZZZZZ.jpg,53
11601,Granny Dan,DANIELLE STEEL,2000,"Random House, Inc.",http://images.amazon.com/images/P/0440224829.01.MZZZZZZZ.jpg,53
11601,The First Counsel,Brad Meltzer,2001,Warner Vision,http://images.amazon.com/images/P/044661064X.01.MZZZZZZZ.jpg,53
11601,I Is for Innocent,Sue Grafton,1994,Fawcett Books,http://images.amazon.com/images/P/0449221512.01.MZZZZZZZ.jpg,79
11601,Guilty as Sin,TAMI HOAG,1997,Bantam,http://images.amazon.com/images/P/0553564528.01.MZZZZZZZ.jpg,64
11601,The Temple of My Familiar,Alice Walker,1990,Pocket,http://images.amazon.com/images/P/0671683993.01.MZZZZZZZ.jpg,54
11601,Airframe,Michael Crichton,1996,Alfred A. Knopf,http://images.amazon.com/images/P/0679446486.01.MZZZZZZZ.jpg,103
11601,Tis : A Memoir,Frank McCourt,1999,Scribner,http://images.amazon.com/images/P/0684848783.01.MZZZZZZZ.jpg,53
11676,The Terminal Man,Michael Crichton,2002,Avon Books,http://images.amazon.com/images/P/0060092572.01.MZZZZZZZ.jpg,50
11676,I Know This Much Is True (Oprah's Book Club),Wally Lamb,1998,Regan Books,http://images.amazon.com/images/P/0060391626.01.MZZZZZZZ.jpg,59
11676,Prodigal Summer: A Novel,Barbara Kingsolver,2001,Perennial,http://images.amazon.com/images/P/0060959037.01.MZZZZZZZ.jpg,50
11676,Colony,Anne Rivers Siddons,1993,HarperTorch,http://images.amazon.com/images/P/0061099708.01.MZZZZZZZ.jpg,53
11676,The Eyre Affair: A Novel,Jasper Fforde,2003,Penguin Books,http://images.amazon.com/images/P/0142001805.01.MZZZZZZZ.jpg,54
11676,Taltos: Lives of the Mayfair Witches,Anne Rice,1996,Ballantine Books,http://images.amazon.com/images/P/0345404319.01.MZZZZZZZ.jpg,53
11676,Billy Straight : A Novel,JONATHAN KELLERMAN,1999,Ballantine Books,http://images.amazon.com/images/P/0345413865.01.MZZZZZZZ.jpg,56
11676,Drowning Ruth (Oprah's Book Club),CHRISTINA SCHWARZ,2001,Ballantine Books,http://images.amazon.com/images/P/0345439104.01.MZZZZZZZ.jpg,63
11676,"Truly, Madly Manhattan",Nora Roberts,2003,Silhouette,http://images.amazon.com/images/P/0373218036.01.MZZZZZZZ.jpg,64
11676,Engaging The Enemy,Nora Roberts,2003,Silhouette,http://images.amazon.com/images/P/0373218192.01.MZZZZZZZ.jpg,51
11676,Summer Pleasures,Nora Roberts,2002,Silhouette,http://images.amazon.com/images/P/0373218397.01.MZZZZZZZ.jpg,56
11676,Macgregor Brides (Macgregors),Nora Roberts,1997,Silhouette,http://images.amazon.com/images/P/0373483503.01.MZZZZZZZ.jpg,52
11676,Macgregor Grooms (Macgregors),Nora Roberts,1998,Silhouette,http://images.amazon.com/images/P/0373483694.01.MZZZZZZZ.jpg,54
11676,Stanislaski Brothers (Silhouette Promo),Nora Roberts,2000,Silhouette,http://images.amazon.com/images/P/0373484224.01.MZZZZZZZ.jpg,52
11676,Second Nature,MICHAEL POLLAN,1992,Delta,http://images.amazon.com/images/P/0385312660.01.MZZZZZZZ.jpg,50
11676,Journey,Danielle Steel,2000,Delacorte Press,http://images.amazon.com/images/P/0385316879.01.MZZZZZZZ.jpg,68
11676,The Ghost,Danielle Steel,1997,Dell,http://images.amazon.com/images/P/038531695X.01.MZZZZZZZ.jpg,50
11676,"The Return of the King (The Lord of the Rings, Part 3)",J. R. R. Tolkien,1988,Houghton Mifflin,http://images.amazon.com/images/P/0395272211.01.MZZZZZZZ.jpg,80
11676,Mr. Murder,Dean R. Koontz,1993,Putnam Pub Group,http://images.amazon.com/images/P/0399138749.01.MZZZZZZZ.jpg,78
11676,Practical Magic,Alice Hoffman,1995,Putnam Pub Group,http://images.amazon.com/images/P/0399140557.01.MZZZZZZZ.jpg,76
11676,Vector,Robin Cook,1999,Putnam Pub Group,http://images.amazon.com/images/P/0399144714.01.MZZZZZZZ.jpg,59
11676,Riptide,Catherine Coulter,2000,Putnam Publishing Group,http://images.amazon.com/images/P/0399146164.01.MZZZZZZZ.jpg,87
11676,The Villa,Nora Roberts,2001,Putnam Publishing Group,http://images.amazon.com/images/P/0399147128.01.MZZZZZZZ.jpg,97
11676,Midnight Bayou,Nora Roberts,2001,Putnam Publishing Group,http://images.amazon.com/images/P/0399148248.01.MZZZZZZZ.jpg,72
11676,Three Fates,Nora Roberts,2002,Putnam Publishing Group,http://images.amazon.com/images/P/039914840X.01.MZZZZZZZ.jpg,81
11676,Red Storm Rising,Tom Clancy,1997,Berkley Publishing Group,http://images.amazon.com/images/P/042510107X.01.MZZZZZZZ.jpg,84
11676,Patriot Games (Jack Ryan Novels),Tom Clancy,1992,Berkley Publishing Group,http://images.amazon.com/images/P/0425109720.01.MZZZZZZZ.jpg,64
11676,Debt of Honor (Jack Ryan Novels),Tom Clancy,1997,Berkley Publishing Group,http://images.amazon.com/images/P/0425147584.01.MZZZZZZZ.jpg,59
11676,Toxin,Robin Cook,1999,Berkley Publishing Group,http://images.amazon.com/images/P/0425166619.01.MZZZZZZZ.jpg,56
11676,Portrait in Death,Nora Roberts,2003,Berkley Publishing Group,http://images.amazon.com/images/P/0425189031.01.MZZZZZZZ.jpg,50
11676,The Cradle Will Fall,Mary Higgins Clark,1983,Dell Publishing Company,http://images.amazon.com/images/P/0440115450.01.MZZZZZZZ.jpg,58
11676,Kaleidoscope,Danielle Steel,1988,Dell,http://images.amazon.com/images/P/0440201926.01.MZZZZZZZ.jpg,69
11676,Zoya,Danielle Steel,1989,Dell,http://images.amazon.com/images/P/0440203856.01.MZZZZZZZ.jpg,59
11676,The Carousel,Belva Plain,1998,Dell,http://images.amazon.com/images/P/0440216842.01.MZZZZZZZ.jpg,56
11676,Voyager,DIANA GABALDON,1994,Dell,http://images.amazon.com/images/P/0440217563.01.MZZZZZZZ.jpg,62
11676,Nothing Lasts Forever,Sidney Sheldon,1995,Warner Books,http://images.amazon.com/images/P/0446354732.01.MZZZZZZZ.jpg,51
11676,Last Man Standing,David Baldacci,2001,Warner Books,http://images.amazon.com/images/P/0446525804.01.MZZZZZZZ.jpg,65
11676,The Switch,Sandra Brown,2000,Warner Books,http://images.amazon.com/images/P/0446527033.01.MZZZZZZZ.jpg,82
11676,Wish You Well,David Baldacci,2000,Warner Books,http://images.amazon.com/images/P/0446527165.01.MZZZZZZZ.jpg,84
11676,Plum Island,Nelson DeMille,1998,Warner Books,http://images.amazon.com/images/P/0446605409.01.MZZZZZZZ.jpg,57
11676,Cat &amp; Mouse (Alex Cross Novels),James Patterson,1998,Warner Books,http://images.amazon.com/images/P/0446606189.01.MZZZZZZZ.jpg,74
11676,Tell Me Your Dreams,Sidney Sheldon,1999,Warner Vision,http://images.amazon.com/images/P/0446607207.01.MZZZZZZZ.jpg,51
11676,The Simple Truth,David Baldacci,1999,Warner Books,http://images.amazon.com/images/P/0446607711.01.MZZZZZZZ.jpg,85
11676,M Is for Malice,Sue Grafton,1998,Fawcett Books,http://images.amazon.com/images/P/0449223604.01.MZZZZZZZ.jpg,72
11676,The Pillars of the Earth,Ken Follett,1996,Signet Book,http://images.amazon.com/images/P/0451166892.01.MZZZZZZZ.jpg,85
11676,"Wizard and Glass (The Dark Tower, Book 4)",Stephen King,1997,Plume Books,http://images.amazon.com/images/P/0452279178.01.MZZZZZZZ.jpg,56
11676,Montana Sky,Nora Roberts,2000,Jove Books,http://images.amazon.com/images/P/0515120618.01.MZZZZZZZ.jpg,59
11676,Sea Swept (Quinn Brothers (Paperback)),Nora Roberts,2001,Jove Books,http://images.amazon.com/images/P/0515121843.01.MZZZZZZZ.jpg,60
11676,Inner Harbor (Quinn Brothers (Paperback)),Nora Roberts,2001,Jove Books,http://images.amazon.com/images/P/0515124214.01.MZZZZZZZ.jpg,59
11676,Homeport,Nora Roberts,1999,Jove Books,http://images.amazon.com/images/P/0515124893.01.MZZZZZZZ.jpg,58
11676,Heart of the Sea (Irish Trilogy),Nora Roberts,2000,Jove Books,http://images.amazon.com/images/P/0515128554.01.MZZZZZZZ.jpg,74
11676,Key of Light (Key Trilogy (Paperback)),Nora Roberts,2003,Jove Books,http://images.amazon.com/images/P/051513628X.01.MZZZZZZZ.jpg,68
11676,Key of Knowledge (Key Trilogy (Paperback)),Nora Roberts,2003,Jove Books,http://images.amazon.com/images/P/0515136379.01.MZZZZZZZ.jpg,62
11676,"Key of Valor (Roberts, Nora. Key Trilogy, 3.)",Nora Roberts,2003,Jove Pubns,http://images.amazon.com/images/P/0515136530.01.MZZZZZZZ.jpg,63
11676,Wuthering Heights,EMILY BRONTE,1983,Bantam,http://images.amazon.com/images/P/0553212583.01.MZZZZZZZ.jpg,77
11676,A Great Deliverance,Elizabeth George,1989,Bantam Books,http://images.amazon.com/images/P/0553278029.01.MZZZZZZZ.jpg,55
11676,The Plains of Passage (Earth's Children (Paperback)),JEAN M. AUEL,1991,Bantam,http://images.amazon.com/images/P/0553289411.01.MZZZZZZZ.jpg,60
11676,Carnal Innocence,Nora Roberts,1992,Bantam Books,http://images.amazon.com/images/P/0553295977.01.MZZZZZZZ.jpg,53
11676,Cry Wolf,TAMI HOAG,1993,Bantam,http://images.amazon.com/images/P/055356160X.01.MZZZZZZZ.jpg,58
11676,The Ugly Duckling,Iris Johansen,1997,Bantam Books,http://images.amazon.com/images/P/0553569910.01.MZZZZZZZ.jpg,65
11676,The Face of Deception,Iris Johansen,1999,Bantam Books,http://images.amazon.com/images/P/0553578022.01.MZZZZZZZ.jpg,51
11676,The Next Accident,LISA GARDNER,2002,Bantam,http://images.amazon.com/images/P/0553578693.01.MZZZZZZZ.jpg,63
11676,The Killing Game: Only One Can Win...and the Loser Dies,Iris Johansen,2000,Bantam Books,http://images.amazon.com/images/P/0553581554.01.MZZZZZZZ.jpg,53
11676,The Search,Iris Johansen,2001,Bantam Books,http://images.amazon.com/images/P/0553582127.01.MZZZZZZZ.jpg,66
11676,Before I Say Good-Bye,Mary Higgins Clark,2001,Pocket,http://images.amazon.com/images/P/0671004573.01.MZZZZZZZ.jpg,76
11676,Deja Dead,Kathy Reichs,1998,Pocket,http://images.amazon.com/images/P/0671011367.01.MZZZZZZZ.jpg,69
11676,"Forever... : A Novel of Good and Evil, Love and Hope",Jude Deveraux,2002,Pocket,http://images.amazon.com/images/P/067101420X.01.MZZZZZZZ.jpg,55
11676,The Mulberry Tree,Jude Deveraux,2002,Atria Books,http://images.amazon.com/images/P/0671014218.01.MZZZZZZZ.jpg,69
11676,The Empty Chair,Jeffery Deaver,2001,Pocket,http://images.amazon.com/images/P/0671026011.01.MZZZZZZZ.jpg,54
11676,Deception Point,Dan Brown,2002,Pocket,http://images.amazon.com/images/P/0671027387.01.MZZZZZZZ.jpg,69
11676,Heartbreaker,Julie Garwood,2000,Atria,http://images.amazon.com/images/P/0671032992.01.MZZZZZZZ.jpg,88
11676,Now You See Her,Linda Howard,1999,Pocket Books,http://images.amazon.com/images/P/0671034057.01.MZZZZZZZ.jpg,52
11676,The Girl Who Loved Tom Gordon,Stephen King,2000,Pocket,http://images.amazon.com/images/P/0671042858.01.MZZZZZZZ.jpg,70
11676,Harvest,Tess Gerritsen,1997,Pocket,http://images.amazon.com/images/P/067155302X.01.MZZZZZZZ.jpg,53
11676,Let Me Call You Sweetheart,Mary Higgins Clark,1996,Pocket,http://images.amazon.com/images/P/0671568175.01.MZZZZZZZ.jpg,64
11676,The Great Gatsby,F. Scott Fitzgerald,1995,Scribner,http://images.amazon.com/images/P/0684801523.01.MZZZZZZZ.jpg,59
11676,Tis: A Memoir,Frank McCourt,2000,Scribner,http://images.amazon.com/images/P/0684865742.01.MZZZZZZZ.jpg,51
11676,Deck the Halls (Holiday Classics),Mary Higgins Clark,2002,Pocket,http://images.amazon.com/images/P/0743418131.01.MZZZZZZZ.jpg,58
11676,The Shining,Stephen King,2001,Pocket,http://images.amazon.com/images/P/0743424425.01.MZZZZZZZ.jpg,50
11676,Left Behind: A Novel of the Earth's Last Days (Left Behind No. 1),Tim Lahaye,1996,Tyndale House Publishers,http://images.amazon.com/images/P/0842329129.01.MZZZZZZZ.jpg,99
11676,Dead Run,Erica Spindler,2003,Mira,http://images.amazon.com/images/P/1551666839.01.MZZZZZZZ.jpg,50
11993,Bittersweet,DANIELLE STEEL,2000,Dell,http://images.amazon.com/images/P/0440224845.01.MZZZZZZZ.jpg,62
12538,Rose Madder,Stephen King,2004,Signet Book,http://images.amazon.com/images/P/0451186362.01.MZZZZZZZ.jpg,81
12824,Guilty Pleasures (Anita Blake Vampire Hunter (Paperback)),Laurell K. Hamilton,1995,Ace Books,http://images.amazon.com/images/P/0441304834.01.MZZZZZZZ.jpg,51
13273,Drums of Autumn,Diana Gabaldon,1997,Seal Press (WA),http://images.amazon.com/images/P/0770427758.01.MZZZZZZZ.jpg,53
13552,Birthright,Nora Roberts,2004,Jove Books,http://images.amazon.com/images/P/0515137111.01.MZZZZZZZ.jpg,52
15408,Pretend You Don't See Her,Mary Higgins Clark,1998,Pocket,http://images.amazon.com/images/P/0671867156.01.MZZZZZZZ.jpg,105
16634,Dark Angel,Sally Beauman,1991,Bantam Books,http://images.amazon.com/images/P/0553287397.01.MZZZZZZZ.jpg,54
16795,Still Waters,TAMI HOAG,1992,Bantam,http://images.amazon.com/images/P/0553292722.01.MZZZZZZZ.jpg,83
19085,And Then You Die,Iris Johansen,1998,Bantam,http://images.amazon.com/images/P/0553579983.01.MZZZZZZZ.jpg,50
